-- MySQL dump 10.13  Distrib 5.1.49, for debian-linux-gnu (x86_64)
--
-- Host: localhost    Database: webtester
-- ------------------------------------------------------
-- Server version	5.1.49-1ubuntu8.1

/*!40101 SET @OLD_CHARACTER_SET_CLIENT=@@CHARACTER_SET_CLIENT */;
/*!40101 SET @OLD_CHARACTER_SET_RESULTS=@@CHARACTER_SET_RESULTS */;
/*!40101 SET @OLD_COLLATION_CONNECTION=@@COLLATION_CONNECTION */;
/*!40101 SET NAMES utf8 */;
/*!40103 SET @OLD_TIME_ZONE=@@TIME_ZONE */;
/*!40103 SET TIME_ZONE='+00:00' */;
/*!40014 SET @OLD_UNIQUE_CHECKS=@@UNIQUE_CHECKS, UNIQUE_CHECKS=0 */;
/*!40014 SET @OLD_FOREIGN_KEY_CHECKS=@@FOREIGN_KEY_CHECKS, FOREIGN_KEY_CHECKS=0 */;
/*!40101 SET @OLD_SQL_MODE=@@SQL_MODE, SQL_MODE='NO_AUTO_VALUE_ON_ZERO' */;
/*!40111 SET @OLD_SQL_NOTES=@@SQL_NOTES, SQL_NOTES=0 */;

--
-- Current Database: `webtester`
--

CREATE DATABASE /*!32312 IF NOT EXISTS*/ `webtester` /*!40100 DEFAULT CHARACTER SET latin1 */;

USE `webtester`;

--
-- Table structure for table `Answers`
--

DROP TABLE IF EXISTS `Answers`;
/*!40101 SET @saved_cs_client     = @@character_set_client */;
/*!40101 SET character_set_client = utf8 */;
CREATE TABLE `Answers` (
  `ID` int(11) NOT NULL AUTO_INCREMENT,
  `SessionID` int(11) DEFAULT '0',
  `TestID` int(11) DEFAULT '0',
  `QuesID` int(11) DEFAULT '0',
  `A1` tinyint(1) NOT NULL DEFAULT '0',
  `A2` tinyint(1) NOT NULL DEFAULT '0',
  `A3` tinyint(1) NOT NULL DEFAULT '0',
  `A4` tinyint(1) NOT NULL DEFAULT '0',
  `A5` tinyint(1) NOT NULL DEFAULT '0',
  `A6` tinyint(1) NOT NULL DEFAULT '0',
  `AnswerText` text,
  `SortOrder` int(11) NOT NULL DEFAULT '0',
  PRIMARY KEY (`ID`),
  KEY `QuesID` (`QuesID`),
  KEY `SessionID` (`SessionID`),
  KEY `TestID` (`TestID`)
) ENGINE=MyISAM AUTO_INCREMENT=2256 DEFAULT CHARSET=latin1;
/*!40101 SET character_set_client = @saved_cs_client */;

--
-- Dumping data for table `Answers`
--

LOCK TABLES `Answers` WRITE;
/*!40000 ALTER TABLE `Answers` DISABLE KEYS */;
INSERT INTO `Answers` VALUES (394,84,3,50,0,0,0,0,0,0,NULL,0),(393,84,3,49,0,0,0,0,0,0,NULL,0),(392,84,3,48,0,0,0,0,0,0,NULL,0),(391,84,3,47,0,0,0,0,0,0,NULL,0),(390,84,3,46,0,0,0,0,0,0,NULL,0),(389,84,3,45,0,0,0,0,0,0,NULL,0),(388,84,3,44,0,0,0,0,0,0,NULL,0),(387,84,3,43,0,0,0,0,0,0,NULL,0),(386,84,3,42,0,0,0,0,0,0,NULL,0),(385,84,3,41,0,0,0,0,0,0,NULL,0),(384,84,3,40,0,0,0,0,0,0,NULL,0),(383,84,3,39,0,0,0,0,0,0,NULL,0),(382,84,3,38,0,0,0,0,0,0,NULL,0),(381,84,3,37,0,0,0,0,0,0,NULL,0),(380,84,3,36,0,0,0,0,0,0,NULL,0),(379,84,3,35,0,0,0,0,0,0,NULL,0),(378,84,3,34,0,0,0,0,0,0,NULL,0),(377,84,3,33,0,0,0,0,0,0,NULL,0),(376,84,3,32,0,0,0,0,0,0,NULL,0),(375,84,3,31,0,0,0,0,0,0,NULL,0),(374,84,3,30,0,0,0,0,0,0,NULL,0),(373,84,3,29,0,0,0,0,0,0,NULL,0),(372,84,3,28,0,0,0,0,0,0,NULL,0),(371,84,3,27,0,0,0,0,0,0,NULL,0),(370,84,3,26,0,0,0,0,0,0,NULL,0),(369,84,3,25,0,0,0,0,0,0,NULL,0),(368,84,3,24,0,0,0,0,0,0,NULL,0),(367,84,3,23,0,0,0,0,0,0,NULL,0),(366,84,3,22,0,0,0,0,0,0,NULL,0),(365,84,3,21,0,0,0,0,0,0,NULL,0),(364,84,3,20,0,0,0,0,0,0,NULL,0),(363,84,3,19,0,0,0,0,0,0,NULL,0),(362,84,3,18,0,0,0,0,0,0,NULL,0),(361,84,3,17,0,0,0,0,0,0,NULL,0),(360,84,3,16,0,0,0,0,0,0,NULL,0),(359,84,3,15,0,0,0,0,0,0,NULL,0),(358,84,3,14,0,0,0,0,0,0,'',14),(357,84,3,13,0,0,0,0,0,0,'',13),(356,84,3,12,0,0,0,0,0,0,'',12),(355,84,3,11,0,0,0,1,0,0,'',11),(354,84,3,10,0,0,0,1,0,0,'',10),(353,84,3,9,0,0,0,0,0,0,'',9),(352,84,3,8,0,0,0,0,0,0,'',8),(351,84,3,7,0,0,0,0,0,0,'',7),(350,84,3,6,0,0,0,0,0,0,'',6),(349,84,3,5,0,0,0,0,0,0,'',5),(348,84,3,4,0,0,0,0,0,0,'',4),(347,84,3,3,0,0,0,1,0,0,'',3),(346,84,3,2,0,0,1,0,0,0,'',2),(345,84,3,1,0,1,0,0,0,0,'',1),(295,83,3,1,0,1,0,0,0,0,'',1),(296,83,3,2,0,0,1,0,0,0,'',2),(297,83,3,3,0,0,0,1,0,0,'',3),(298,83,3,4,1,0,0,0,0,0,'',4),(299,83,3,5,0,0,0,0,0,0,NULL,0),(300,83,3,6,0,0,0,0,0,0,NULL,0),(301,83,3,7,0,0,0,0,0,0,NULL,0),(302,83,3,8,0,0,0,0,0,0,NULL,0),(303,83,3,9,0,0,0,0,0,0,NULL,0),(304,83,3,10,0,0,0,0,0,0,NULL,0),(305,83,3,11,0,0,0,0,0,0,NULL,0),(306,83,3,12,0,0,0,0,0,0,NULL,0),(307,83,3,13,0,0,0,0,0,0,NULL,0),(308,83,3,14,0,0,0,0,0,0,NULL,0),(309,83,3,15,0,0,0,0,0,0,NULL,0),(310,83,3,16,0,0,0,0,0,0,NULL,0),(311,83,3,17,0,0,0,0,0,0,NULL,0),(312,83,3,18,0,0,0,0,0,0,NULL,0),(313,83,3,19,0,0,0,0,0,0,NULL,0),(314,83,3,20,0,0,0,0,0,0,NULL,0),(315,83,3,21,0,0,0,0,0,0,NULL,0),(316,83,3,22,0,0,0,0,0,0,NULL,0),(317,83,3,23,0,0,0,0,0,0,NULL,0),(318,83,3,24,0,0,0,0,0,0,NULL,0),(319,83,3,25,0,0,0,0,0,0,NULL,0),(320,83,3,26,0,0,0,0,0,0,NULL,0),(321,83,3,27,0,0,0,0,0,0,NULL,0),(322,83,3,28,0,0,0,0,0,0,NULL,0),(323,83,3,29,0,0,0,0,0,0,NULL,0),(324,83,3,30,0,0,0,0,0,0,NULL,0),(325,83,3,31,0,0,0,0,0,0,NULL,0),(326,83,3,32,0,0,0,0,0,0,NULL,0),(327,83,3,33,0,0,0,0,0,0,NULL,0),(328,83,3,34,0,0,0,0,0,0,NULL,0),(329,83,3,35,0,0,0,0,0,0,NULL,0),(330,83,3,36,0,0,0,0,0,0,NULL,0),(331,83,3,37,0,0,0,0,0,0,NULL,0),(332,83,3,38,0,0,0,0,0,0,NULL,0),(333,83,3,39,0,0,0,0,0,0,NULL,0),(334,83,3,40,0,0,0,0,0,0,NULL,0),(335,83,3,41,0,0,0,0,0,0,NULL,0),(336,83,3,42,0,0,0,0,0,0,NULL,0),(337,83,3,43,0,0,0,0,0,0,NULL,0),(338,83,3,44,0,0,0,0,0,0,NULL,0),(339,83,3,45,0,0,0,0,0,0,NULL,0),(340,83,3,46,0,0,0,0,0,0,NULL,0),(341,83,3,47,0,0,0,0,0,0,NULL,0),(342,83,3,48,0,0,0,0,0,0,NULL,0),(343,83,3,49,0,0,0,0,0,0,NULL,0),(344,83,3,50,0,0,0,0,0,0,NULL,0),(514,7,3,89,0,0,0,0,0,0,NULL,0),(409,89,3,14,0,0,0,0,0,0,NULL,0),(408,89,3,5,0,0,0,0,0,0,NULL,0),(407,89,3,30,0,0,0,0,0,0,NULL,0),(513,7,3,29,0,0,0,0,0,0,NULL,0),(512,7,3,102,0,0,0,0,0,0,NULL,0),(511,7,3,38,0,0,0,0,0,0,NULL,0),(492,7,3,5,0,0,0,0,0,0,NULL,0),(510,7,3,4,0,0,0,0,0,0,NULL,0),(509,7,3,32,0,0,0,0,0,0,NULL,0),(508,7,3,10,0,0,0,0,0,0,NULL,0),(507,7,3,42,0,0,0,0,0,0,NULL,0),(506,7,3,49,0,0,0,0,0,0,NULL,0),(505,7,3,18,0,0,0,0,0,0,NULL,0),(504,7,3,81,0,0,0,0,0,0,NULL,0),(503,7,3,94,0,0,0,0,0,0,NULL,0),(502,7,3,101,0,0,0,0,0,0,NULL,0),(501,7,3,85,0,0,0,0,0,0,NULL,0),(500,7,3,9,0,0,0,0,0,0,NULL,0),(499,7,3,7,0,0,0,0,0,0,NULL,0),(498,7,3,100,0,0,0,0,0,0,NULL,0),(497,7,3,26,0,0,0,0,0,0,NULL,0),(496,7,3,8,0,0,0,0,0,0,NULL,0),(495,7,3,87,0,0,0,0,0,0,NULL,0),(494,7,3,84,0,0,0,0,0,0,NULL,0),(493,7,3,30,0,0,0,0,0,0,NULL,0),(491,7,3,44,0,0,0,0,0,0,NULL,0),(515,7,3,12,0,0,0,0,0,0,NULL,0),(516,8,3,47,0,0,0,0,0,0,NULL,0),(517,8,3,12,0,0,0,0,0,0,NULL,0),(518,8,3,5,0,0,0,0,0,0,NULL,0),(519,8,3,34,0,0,0,0,0,0,NULL,0),(520,8,3,22,0,0,0,0,0,0,NULL,0),(521,8,3,92,0,0,0,0,0,0,NULL,0),(522,8,3,96,0,0,0,0,0,0,NULL,0),(523,8,3,81,0,0,0,0,0,0,NULL,0),(524,8,3,10,0,0,0,0,0,0,NULL,0),(525,8,3,101,0,0,0,0,0,0,NULL,0),(526,8,3,19,0,0,0,0,0,0,NULL,0),(527,8,3,27,0,0,0,0,0,0,NULL,0),(528,8,3,85,0,0,0,0,0,0,NULL,0),(529,8,3,94,0,0,0,0,0,0,NULL,0),(530,8,3,41,0,0,0,0,0,0,NULL,0),(531,8,3,42,0,0,0,0,0,0,NULL,0),(532,8,3,18,0,0,0,0,0,0,NULL,0),(533,8,3,82,0,0,0,0,0,0,NULL,0),(534,8,3,32,0,0,0,0,0,0,NULL,0),(535,8,3,102,0,0,0,0,0,0,NULL,0),(536,8,3,38,0,0,0,0,0,0,NULL,0),(537,8,3,39,0,0,0,0,0,0,NULL,0),(538,8,3,91,0,0,0,0,0,0,NULL,0),(539,8,3,4,0,0,0,0,0,0,NULL,0),(540,8,3,30,0,0,0,0,0,0,NULL,0),(541,9,3,11,0,0,0,0,0,0,NULL,0),(542,9,3,79,0,0,0,0,0,0,NULL,0),(543,9,3,40,0,0,0,0,0,0,NULL,0),(544,9,3,80,0,0,0,0,0,0,NULL,0),(545,9,3,45,0,0,0,0,0,0,NULL,0),(546,9,3,81,0,0,0,0,0,0,NULL,0),(547,9,3,28,0,0,0,0,0,0,NULL,0),(548,9,3,19,0,0,0,0,0,0,NULL,0),(549,9,3,10,0,0,0,0,0,0,NULL,0),(550,9,3,22,0,0,0,0,0,0,NULL,0),(551,9,3,21,0,0,0,0,0,0,NULL,0),(552,9,3,29,0,0,0,0,0,0,NULL,0),(553,9,3,2,0,0,0,0,0,0,NULL,0),(554,9,3,46,0,0,0,0,0,0,NULL,0),(555,9,3,23,0,0,0,0,0,0,NULL,0),(556,9,3,82,0,0,0,0,0,0,NULL,0),(557,9,3,98,0,0,0,0,0,0,NULL,0),(558,9,3,85,0,0,0,0,0,0,NULL,0),(559,9,3,100,0,0,0,0,0,0,NULL,0),(560,9,3,35,0,0,0,0,0,0,NULL,0),(561,9,3,89,0,0,0,0,0,0,NULL,0),(562,9,3,33,0,0,0,0,0,0,NULL,0),(563,9,3,14,0,0,0,0,0,0,NULL,0),(564,9,3,38,0,0,0,0,0,0,NULL,0),(565,9,3,3,0,0,0,0,0,0,NULL,0),(566,10,3,11,0,0,0,0,0,0,NULL,0),(567,10,3,38,0,0,0,0,0,0,NULL,0),(568,10,3,14,0,0,0,0,0,0,NULL,0),(569,10,3,87,0,0,0,0,0,0,NULL,0),(570,10,3,49,0,0,0,0,0,0,NULL,0),(571,10,3,6,0,0,0,0,0,0,NULL,0),(572,10,3,10,0,0,0,0,0,0,NULL,0),(573,10,3,20,0,0,0,0,0,0,NULL,0),(574,10,3,37,0,0,0,0,0,0,NULL,0),(575,10,3,79,0,0,0,0,0,0,NULL,0),(576,10,3,15,0,0,0,0,0,0,NULL,0),(577,10,3,9,0,0,0,0,0,0,NULL,0),(578,10,3,84,0,0,0,0,0,0,NULL,0),(579,10,3,26,0,0,0,0,0,0,NULL,0),(580,10,3,85,0,0,0,0,0,0,NULL,0),(581,10,3,100,0,0,0,0,0,0,NULL,0),(582,10,3,30,0,0,0,0,0,0,NULL,0),(583,10,3,24,0,0,0,0,0,0,NULL,0),(584,10,3,31,0,0,0,0,0,0,NULL,0),(585,10,3,102,0,0,0,0,0,0,NULL,0),(586,10,3,46,0,0,0,0,0,0,NULL,0),(587,10,3,43,0,0,0,0,0,0,NULL,0),(588,10,3,45,0,0,0,0,0,0,NULL,0),(589,10,3,2,0,0,0,0,0,0,NULL,0),(590,10,3,91,0,0,0,0,0,0,NULL,0),(591,11,3,83,0,0,0,0,0,0,NULL,0),(592,11,3,20,0,0,0,0,0,0,NULL,0),(593,11,3,86,0,0,0,0,0,0,NULL,0),(594,11,3,32,0,0,0,0,0,0,NULL,0),(595,11,3,96,0,0,0,0,0,0,NULL,0),(596,11,3,35,0,0,0,0,0,0,NULL,0),(597,11,3,88,0,0,0,0,0,0,NULL,0),(598,11,3,31,0,0,0,0,0,0,NULL,0),(599,11,3,27,0,0,0,0,0,0,NULL,0),(600,11,3,23,0,0,0,0,0,0,NULL,0),(601,11,3,90,0,0,0,0,0,0,NULL,0),(602,11,3,97,0,0,0,0,0,0,NULL,0),(603,11,3,91,0,0,0,0,0,0,NULL,0),(604,11,3,87,0,0,0,0,0,0,NULL,0),(605,11,3,102,0,0,0,0,0,0,NULL,0),(606,11,3,93,0,0,0,0,0,0,NULL,0),(607,11,3,49,0,0,0,0,0,0,NULL,0),(608,11,3,14,0,0,0,0,0,0,NULL,0),(609,11,3,3,0,0,0,0,0,0,NULL,0),(610,11,3,80,0,0,0,0,0,0,NULL,0),(611,11,3,15,0,0,0,0,0,0,NULL,0),(612,11,3,8,0,0,0,0,0,0,NULL,0),(613,11,3,5,0,0,0,0,0,0,NULL,0),(614,11,3,37,0,0,0,0,0,0,NULL,0),(615,11,3,50,0,0,0,0,0,0,NULL,0),(665,13,3,13,0,0,0,0,0,0,NULL,0),(664,13,3,39,0,0,0,0,0,0,NULL,0),(663,13,3,30,0,0,0,0,0,0,NULL,0),(662,13,3,89,0,0,0,0,0,0,NULL,0),(661,13,3,4,0,0,0,0,0,0,NULL,0),(660,13,3,48,0,0,0,0,0,0,NULL,0),(659,13,3,23,0,0,0,0,0,0,NULL,0),(658,13,3,37,0,0,0,0,0,0,NULL,0),(657,13,3,21,0,0,0,0,0,0,NULL,0),(656,13,3,102,0,0,0,0,0,0,NULL,0),(655,13,3,85,0,0,0,0,0,0,NULL,0),(654,13,3,92,0,0,0,0,0,0,NULL,0),(653,13,3,96,0,0,0,0,0,0,NULL,0),(652,13,3,31,0,0,0,0,0,0,NULL,0),(651,13,3,22,0,0,0,0,0,0,NULL,0),(650,13,3,40,0,0,0,0,0,0,NULL,0),(649,13,3,8,0,0,0,0,0,0,NULL,0),(648,13,3,16,0,0,0,0,0,0,NULL,0),(647,13,3,5,0,0,0,0,0,0,NULL,0),(646,13,3,82,0,0,0,0,0,0,NULL,0),(645,13,3,90,0,0,0,0,0,0,NULL,0),(644,13,3,26,0,0,0,0,0,0,NULL,0),(643,13,3,32,0,0,0,0,0,0,NULL,0),(642,13,3,1,0,0,0,0,0,0,NULL,0),(641,13,3,87,0,0,0,0,0,0,NULL,0),(715,15,3,95,0,0,0,0,0,0,NULL,0),(714,15,3,31,0,0,0,0,0,0,NULL,0),(713,15,3,78,0,0,0,0,0,0,NULL,0),(712,15,3,96,0,0,0,0,0,0,NULL,0),(711,15,3,13,0,0,0,0,0,0,NULL,0),(710,15,3,25,0,0,0,0,0,0,NULL,0),(709,15,3,34,0,0,0,0,0,0,NULL,0),(708,15,3,16,0,0,0,0,0,0,NULL,0),(707,15,3,11,0,0,0,0,0,0,NULL,0),(706,15,3,42,0,0,0,0,0,0,NULL,0),(705,15,3,7,0,0,0,0,0,0,NULL,0),(704,15,3,84,0,0,0,0,0,0,NULL,0),(703,15,3,3,0,0,0,0,0,0,NULL,0),(702,15,3,93,0,0,0,0,0,0,NULL,0),(701,15,3,28,0,0,0,0,0,0,NULL,0),(700,15,3,1,0,0,0,0,0,0,NULL,0),(699,15,3,2,0,0,0,0,0,0,NULL,0),(698,15,3,80,0,0,0,0,0,0,NULL,0),(697,15,3,99,0,0,0,0,0,0,NULL,0),(696,15,3,24,0,0,0,0,0,0,NULL,0),(695,15,3,44,0,0,0,0,0,0,NULL,0),(694,15,3,22,0,0,0,0,0,0,NULL,0),(693,15,3,23,0,0,0,0,0,0,NULL,0),(692,15,3,83,0,0,0,0,0,0,NULL,0),(691,15,3,98,0,0,0,0,0,0,NULL,0),(843,21,3,4,1,0,0,0,0,0,'',3),(842,21,3,11,0,0,1,0,0,0,'',2),(841,21,3,6,1,0,0,0,0,0,'',1),(840,20,3,28,0,1,0,0,0,0,'',0),(817,20,3,101,1,0,0,0,0,0,'',2),(818,20,3,80,1,0,0,0,0,0,'',3),(819,20,3,12,0,1,0,0,0,0,'',4),(820,20,3,88,0,1,0,0,0,0,'',5),(821,20,3,100,0,1,0,0,0,0,'',6),(822,20,3,95,1,0,0,0,0,0,'',7),(839,20,3,9,0,1,0,0,0,0,'',24),(838,20,3,1,0,0,0,1,0,0,'',23),(837,20,3,86,1,0,0,0,0,0,'',22),(836,20,3,22,1,0,0,0,0,0,'',21),(835,20,3,34,0,1,0,0,0,0,'',20),(834,20,3,45,0,1,0,0,0,0,'',19),(833,20,3,97,0,0,0,1,0,0,'',18),(832,20,3,50,1,0,0,0,0,0,'',17),(831,20,3,21,0,0,0,1,0,0,'',16),(830,20,3,89,0,1,0,0,0,0,'',15),(829,20,3,18,0,0,0,1,0,0,'',14),(828,20,3,98,0,1,0,0,0,0,'',13),(827,20,3,7,0,1,0,0,0,0,'',12),(826,20,3,37,0,1,0,0,0,0,'',11),(825,20,3,99,1,0,0,0,0,0,'',10),(824,20,3,15,0,1,0,0,0,0,'',9),(823,20,3,39,0,0,0,1,0,0,'',8),(816,20,3,27,1,0,0,0,0,0,'',1),(844,21,3,29,0,0,1,0,0,0,'',4),(845,21,3,36,0,0,1,0,0,0,'',5),(846,21,3,40,1,0,0,0,0,0,'',6),(847,21,3,88,1,0,0,0,0,0,'',7),(848,21,3,18,0,0,0,1,0,0,'',8),(849,21,3,99,0,0,1,0,0,0,'',9),(850,21,3,35,0,0,0,1,0,0,'',10),(851,21,3,16,0,1,0,0,0,0,'',11),(852,21,3,42,1,0,0,0,0,0,'',12),(853,21,3,37,0,1,0,0,0,0,'',13),(854,21,3,49,1,0,0,0,0,0,'',14),(855,21,3,79,0,1,0,0,0,0,'',15),(856,21,3,20,0,0,0,1,0,0,'',16),(857,21,3,26,1,0,0,0,0,0,'',17),(858,21,3,32,0,0,1,0,0,0,'',18),(859,21,3,8,0,1,0,0,0,0,'',19),(860,21,3,98,0,0,1,0,0,0,'',20),(861,21,3,7,0,0,1,0,0,0,'',21),(862,21,3,17,0,0,0,1,0,0,'',22),(863,21,3,44,1,0,0,0,0,0,'',23),(864,21,3,24,0,0,1,0,0,0,'',24),(865,21,3,93,0,0,0,1,0,0,'',25),(1340,40,3,36,1,0,0,0,0,0,'',25),(1339,40,3,7,0,1,0,0,0,0,'',24),(1338,40,3,90,0,0,0,1,0,0,'',23),(1337,40,3,27,0,0,1,0,0,0,'',22),(1336,40,3,23,0,1,0,0,0,0,'',21),(1335,40,3,88,0,1,0,0,0,0,'',20),(1334,40,3,89,0,0,0,1,0,0,'',19),(1333,40,3,25,0,1,0,0,0,0,'',18),(1332,40,3,79,0,1,0,0,0,0,'',17),(1331,40,3,21,1,0,0,0,0,0,'',16),(1330,40,3,2,0,0,1,0,0,0,'',15),(1329,40,3,18,0,0,0,1,0,0,'',14),(1328,40,3,46,0,1,0,0,0,0,'',13),(1327,40,3,37,0,1,0,0,0,0,'',12),(1326,40,3,99,0,0,0,1,0,0,'',11),(1325,40,3,19,0,0,1,0,0,0,'',10),(1324,40,3,15,0,1,0,0,0,0,'',9),(1323,40,3,20,0,1,0,0,0,0,'',8),(1317,40,3,50,1,0,0,0,0,0,'',2),(1318,40,3,31,1,0,0,0,0,0,'',3),(1319,40,3,97,0,1,0,0,0,0,'',4),(1320,40,3,6,1,0,0,0,0,0,'',5),(1321,40,3,14,0,0,0,1,0,0,'',6),(1322,40,3,42,1,0,0,0,0,0,'',7),(1770,58,5,60,0,0,1,0,0,0,'',20),(1316,40,3,91,0,0,1,0,0,0,'',1),(1315,39,3,99,0,0,0,1,0,0,'',25),(1314,39,3,102,0,0,0,1,0,0,'',24),(1313,39,3,6,1,0,0,0,0,0,'',23),(1312,39,3,16,1,0,0,0,0,0,'',22),(1311,39,3,93,0,0,0,1,0,0,'',21),(1310,39,3,23,0,1,0,0,0,0,'',20),(1309,39,3,39,0,1,0,0,0,0,'',19),(1308,39,3,98,0,0,1,0,0,0,'',18),(1307,39,3,80,0,0,1,0,0,0,'',17),(1306,39,3,83,1,0,0,0,0,0,'',16),(1305,39,3,35,1,0,0,0,0,0,'',15),(1304,39,3,38,0,0,0,1,0,0,'',14),(1303,39,3,92,0,1,0,0,0,0,'',13),(1302,39,3,3,0,0,0,1,0,0,'',12),(1301,39,3,7,0,1,0,0,0,0,'',11),(1300,39,3,19,1,0,0,0,0,0,'',10),(1299,39,3,10,0,0,1,0,0,0,'',9),(1298,39,3,79,0,1,0,0,0,0,'',8),(1297,39,3,84,1,0,0,0,0,0,'',7),(1296,39,3,47,1,0,0,0,0,0,'',6),(1295,39,3,32,0,0,1,0,0,0,'',5),(1294,39,3,11,0,0,1,0,0,0,'',4),(1293,39,3,24,0,1,0,0,0,0,'',3),(1292,39,3,29,0,0,1,0,0,0,'',2),(1291,39,3,2,0,0,1,0,0,0,'',1),(1769,58,5,73,1,0,0,0,0,0,'',19),(1768,58,5,57,0,1,0,0,0,0,'',18),(1767,58,5,167,0,1,0,0,0,0,'',17),(1766,58,5,70,0,0,1,0,0,0,'',16),(1765,58,5,65,0,0,0,1,0,0,'',15),(1764,58,5,67,0,0,1,0,0,0,'',14),(1763,58,5,172,0,1,0,0,0,0,'',13),(1762,58,5,173,0,0,1,0,0,0,'',12),(1761,58,5,181,0,0,1,0,0,0,'',11),(1593,51,3,13,1,0,0,0,0,0,'',18),(1594,51,3,45,0,1,0,0,0,0,'',19),(1595,51,3,87,0,0,0,1,0,0,'',20),(1596,51,3,14,1,0,0,0,0,0,'',21),(1597,51,3,9,1,0,0,0,0,0,'',22),(1598,51,3,50,0,1,0,0,0,0,'',23),(1599,51,3,10,0,0,1,0,0,0,'',24),(1600,51,3,18,0,1,0,0,0,0,'',25),(1721,56,3,37,0,1,0,0,0,0,'',21),(1722,56,3,26,0,0,1,0,0,0,'',22),(1723,56,3,20,1,0,0,0,0,0,'',0),(1724,56,3,80,0,0,1,0,0,0,'',24),(1725,56,3,22,0,1,0,0,0,0,'',25),(1760,58,5,76,0,1,0,0,0,0,'',10),(1759,58,5,156,0,0,1,0,0,0,'',9),(1580,51,3,90,0,0,0,1,0,0,'',5),(1581,51,3,1,0,0,0,1,0,0,'',6),(1582,51,3,42,1,0,0,0,0,0,'',7),(1583,51,3,31,0,0,1,0,0,0,'',8),(1758,58,5,187,0,0,1,0,0,0,'',8),(1707,56,3,82,0,0,1,0,0,0,'',0),(1586,51,3,48,0,0,0,1,0,0,'',11),(1587,51,3,40,1,0,0,0,0,0,'',12),(1588,51,3,46,0,1,0,0,0,0,'',13),(1589,51,3,6,1,0,0,0,0,0,'',14),(1590,51,3,22,1,0,0,0,0,0,'',15),(1591,51,3,94,0,0,0,1,0,0,'',16),(1592,51,3,35,1,0,0,0,0,0,'',17),(1585,51,3,95,1,0,0,0,0,0,'',10),(1584,51,3,88,0,1,0,0,0,0,'',9),(1579,51,3,92,0,1,0,0,0,0,'',4),(1578,51,3,98,0,0,1,0,0,0,'',3),(1577,51,3,80,0,0,1,0,0,0,'',2),(1576,51,3,16,1,0,0,0,0,0,'',1),(1720,56,3,4,1,0,0,0,0,0,'',20),(1719,56,3,16,0,1,0,0,0,0,'',19),(1718,56,3,2,0,0,1,0,0,0,'',18),(1717,56,3,7,0,0,1,0,0,0,'',17),(1716,56,3,92,0,1,0,0,0,0,'',16),(1715,56,3,93,0,0,0,1,0,0,'',15),(1714,56,3,48,0,0,0,1,0,0,'',14),(1713,56,3,11,0,0,1,0,0,0,'',13),(1712,56,3,6,1,0,0,0,0,0,'',12),(1711,56,3,45,0,0,1,0,0,0,'',11),(1710,56,3,23,1,0,0,0,0,0,'',10),(1709,56,3,40,1,0,0,0,0,0,'',9),(1708,56,3,84,1,0,0,0,0,0,'',8),(1706,56,3,12,1,0,0,0,0,0,'',6),(1705,56,3,50,0,1,0,0,0,0,'',5),(1704,56,3,81,0,1,0,0,0,0,'',4),(1703,56,3,25,0,1,0,0,0,0,'',3),(1702,56,3,86,1,0,0,0,0,0,'',2),(1701,56,3,89,1,0,0,0,0,0,'',0),(1757,58,5,160,0,0,0,1,0,0,'',7),(1756,58,5,178,0,0,0,1,0,0,'',6),(1752,58,5,71,0,0,0,1,0,0,'',2),(1753,58,5,69,0,1,0,0,0,0,'',3),(1754,58,5,177,0,0,0,1,0,0,'',4),(1755,58,5,166,0,0,0,1,0,0,'',5),(1751,58,5,75,0,1,0,0,0,0,'',1),(2215,79,5,182,0,0,0,0,0,0,NULL,0),(2214,79,5,65,0,0,0,1,0,0,'',19),(2205,79,5,167,0,1,0,0,0,0,'',10),(2206,79,5,165,0,0,1,0,0,0,'',11),(2207,79,5,183,0,0,0,1,0,0,'',12),(2208,79,5,63,0,0,1,0,0,0,'',13),(2000,69,5,163,1,0,0,0,0,0,'',20),(2213,79,5,156,1,0,0,0,0,0,'',18),(1995,69,5,66,0,0,1,0,0,0,'',15),(2212,79,5,164,0,1,0,0,0,0,'',17),(2211,79,5,157,1,0,0,0,0,0,'',16),(2210,79,5,73,0,0,0,1,0,0,'',15),(2203,79,5,72,0,0,1,0,0,0,'',8),(1996,69,5,51,0,0,0,1,0,0,'',16),(1997,69,5,54,0,0,0,1,0,0,'',17),(1998,69,5,168,1,0,0,0,0,0,'',18),(1999,69,5,70,0,0,1,0,0,0,'',19),(1989,69,5,171,0,1,0,0,0,0,'',9),(1981,69,5,166,0,0,1,0,0,0,'',1),(1982,69,5,174,0,0,1,0,0,0,'',2),(1983,69,5,65,0,0,0,1,0,0,'',3),(1984,69,5,165,0,1,0,0,0,0,'',4),(1921,66,5,54,0,0,1,0,0,0,'',0),(1922,66,5,188,0,0,1,0,0,0,'',2),(1923,66,5,154,1,0,0,0,0,0,'',3),(1924,66,5,67,0,0,1,0,0,0,'',4),(1925,66,5,170,1,0,0,0,0,0,'',5),(1926,66,5,169,0,1,0,0,0,0,'',6),(1927,66,5,171,1,0,0,0,0,0,'',7),(1928,66,5,166,0,0,1,0,0,0,'',8),(1929,66,5,65,0,0,0,1,0,0,'',9),(1930,66,5,63,0,0,1,0,0,0,'',10),(1931,66,5,168,0,1,0,0,0,0,'',11),(1932,66,5,155,0,0,1,0,0,0,'',0),(1933,66,5,179,0,1,0,0,0,0,'',13),(1934,66,5,184,0,0,0,1,0,0,'',14),(1935,66,5,187,1,0,0,0,0,0,'',15),(1936,66,5,164,0,0,0,1,0,0,'',16),(1937,66,5,192,0,1,1,0,0,0,'',17),(1938,66,5,182,0,1,0,0,0,0,'',18),(1939,66,5,181,0,0,1,0,0,0,'',19),(1940,66,5,158,1,0,0,0,0,0,'',20),(1994,69,5,188,0,0,1,0,0,0,'',14),(1993,69,5,69,0,0,0,1,0,0,'',13),(1992,69,5,164,0,0,0,1,0,0,'',12),(1991,69,5,154,1,0,0,0,0,0,'',11),(1990,69,5,59,1,0,0,0,0,0,'',10),(1988,69,5,57,0,1,0,0,0,0,'',8),(1987,69,5,58,0,0,1,0,0,0,'',7),(1986,69,5,187,0,0,1,0,0,0,'',6),(1985,69,5,192,0,1,0,1,0,0,'',5),(2209,79,5,69,0,1,0,0,0,0,'',14),(2204,79,5,56,0,0,0,1,0,0,'',9),(2202,79,5,160,0,0,0,1,0,0,'',7),(2201,79,5,162,0,1,0,0,0,0,'',6),(2170,77,5,158,0,0,0,1,0,0,'',20),(2200,79,5,161,0,0,0,1,0,0,'',5),(2199,79,5,61,1,0,0,0,0,0,'',4),(2169,77,5,181,0,0,1,0,0,0,'',19),(2168,77,5,154,0,0,0,1,0,0,'',18),(2167,77,5,73,1,0,0,0,0,0,'',17),(2166,77,5,177,0,0,1,0,0,0,'',16),(2165,77,5,163,1,0,0,0,0,0,'',15),(2164,77,5,169,0,1,0,0,0,0,'',14),(2163,77,5,185,0,0,0,1,0,0,'',13),(2162,77,5,64,0,1,0,0,0,0,'',12),(2161,77,5,70,0,0,1,0,0,0,'',11),(2160,77,5,168,0,1,0,0,0,0,'',10),(2159,77,5,60,0,0,1,0,0,0,'',9),(2158,77,5,58,0,0,1,0,0,0,'',8),(2157,77,5,57,0,1,0,0,0,0,'',7),(2156,77,5,55,0,0,0,1,0,0,'',6),(2155,77,5,182,1,0,0,0,0,0,'',5),(2154,77,5,167,0,1,0,0,0,0,'',4),(2153,77,5,180,1,0,0,0,0,0,'',3),(2152,77,5,75,0,1,0,0,0,0,'',2),(2151,77,5,155,0,1,0,0,0,0,'',1),(2198,79,5,62,0,1,0,0,0,0,'',3),(2197,79,5,190,1,0,0,0,0,0,'',2),(2196,79,5,68,1,0,0,0,0,0,'',1);
/*!40000 ALTER TABLE `Answers` ENABLE KEYS */;
UNLOCK TABLES;

--
-- Table structure for table `CustomMessages`
--

DROP TABLE IF EXISTS `CustomMessages`;
/*!40101 SET @saved_cs_client     = @@character_set_client */;
/*!40101 SET character_set_client = utf8 */;
CREATE TABLE `CustomMessages` (
  `ID` int(11) NOT NULL AUTO_INCREMENT,
  `ReportID` int(11) NOT NULL DEFAULT '0',
  `Description` varchar(255) NOT NULL DEFAULT '',
  `MinPoints` int(11) NOT NULL DEFAULT '0',
  `MaxPoints` int(11) NOT NULL DEFAULT '0',
  `Message` text NOT NULL,
  PRIMARY KEY (`ID`),
  KEY `ReportID` (`ReportID`)
) ENGINE=MyISAM AUTO_INCREMENT=3 DEFAULT CHARSET=latin1;
/*!40101 SET character_set_client = @saved_cs_client */;

--
-- Dumping data for table `CustomMessages`
--

LOCK TABLES `CustomMessages` WRITE;
/*!40000 ALTER TABLE `CustomMessages` DISABLE KEYS */;
INSERT INTO `CustomMessages` VALUES (1,1,'[Default 1]',0,3,'You scored between 0 and 3 points'),(2,1,'[Default 2]',4,5,'You scored between 4 and 5 points');
/*!40000 ALTER TABLE `CustomMessages` ENABLE KEYS */;
UNLOCK TABLES;

--
-- Table structure for table `EmailTemplates`
--

DROP TABLE IF EXISTS `EmailTemplates`;
/*!40101 SET @saved_cs_client     = @@character_set_client */;
/*!40101 SET character_set_client = utf8 */;
CREATE TABLE `EmailTemplates` (
  `ID` int(11) NOT NULL AUTO_INCREMENT,
  `Name` varchar(255) NOT NULL DEFAULT '',
  `Description` text NOT NULL,
  `FromEmail` varchar(255) NOT NULL DEFAULT '',
  `Subject` varchar(255) NOT NULL DEFAULT '',
  `Text` text NOT NULL,
  PRIMARY KEY (`ID`)
) ENGINE=MyISAM AUTO_INCREMENT=2 DEFAULT CHARSET=latin1;
/*!40101 SET character_set_client = @saved_cs_client */;

--
-- Dumping data for table `EmailTemplates`
--

LOCK TABLES `EmailTemplates` WRITE;
/*!40000 ALTER TABLE `EmailTemplates` DISABLE KEYS */;
INSERT INTO `EmailTemplates` VALUES (1,'[Default]','Default Template','support_KE@cybage.com','%TEST_NAME% results for %FIRST_NAME% %LAST_NAME%','Results for %FIRST_NAME% %LAST_NAME%\r\n\r\nTest: %TEST_NAME%\r\nDate: %TEST_DATE%\r\nTotal Correct: %NUMBER_CORRECT%\r\nTotal Possible: %NUMBER_POSSIBLE%\r\nScore:  %PERCENTAGE%\r\n\r\nThank you,\r\nJuned Memon\r\n\r\nOn Behalf of Cybage KE Team\r\n\r\n');
/*!40000 ALTER TABLE `EmailTemplates` ENABLE KEYS */;
UNLOCK TABLES;

--
-- Table structure for table `Preferences`
--

DROP TABLE IF EXISTS `Preferences`;
/*!40101 SET @saved_cs_client     = @@character_set_client */;
/*!40101 SET character_set_client = utf8 */;
CREATE TABLE `Preferences` (
  `AllowBrowse` tinyint(1) NOT NULL DEFAULT '0',
  `WelcomeMessage` text NOT NULL,
  `mimetex` varchar(255) NOT NULL DEFAULT '',
  `notes` varchar(255) NOT NULL DEFAULT ''
) ENGINE=MyISAM DEFAULT CHARSET=latin1;
/*!40101 SET character_set_client = @saved_cs_client */;

--
-- Dumping data for table `Preferences`
--

LOCK TABLES `Preferences` WRITE;
/*!40000 ALTER TABLE `Preferences` DISABLE KEYS */;
INSERT INTO `Preferences` VALUES (1,'<p><span style=\"font-size: 14pt; font-family: arial;\">Welcome to Cybage .  Select a test to begin.</span></p>\r\n','/mimetex.cgi','Emp_ID');
/*!40000 ALTER TABLE `Preferences` ENABLE KEYS */;
UNLOCK TABLES;

--
-- Table structure for table `Questions`
--

DROP TABLE IF EXISTS `Questions`;
/*!40101 SET @saved_cs_client     = @@character_set_client */;
/*!40101 SET character_set_client = utf8 */;
CREATE TABLE `Questions` (
  `ID` int(11) NOT NULL AUTO_INCREMENT,
  `TestID` varchar(50) DEFAULT NULL,
  `QuestionText` text,
  `QuestionPic` varchar(255) DEFAULT NULL,
  `PicMov` varchar(255) DEFAULT NULL,
  `PicMovWidth` varchar(50) DEFAULT NULL,
  `PicMovHeight` varchar(50) DEFAULT NULL,
  `Answer1` text,
  `AnswerPic1` varchar(255) DEFAULT NULL,
  `A1` tinyint(4) DEFAULT '0',
  `A1Clicks` int(11) NOT NULL DEFAULT '0',
  `Answer2` text,
  `AnswerPic2` varchar(255) DEFAULT NULL,
  `A2` tinyint(4) DEFAULT '0',
  `A2Clicks` int(11) NOT NULL DEFAULT '0',
  `Answer3` text,
  `AnswerPic3` varchar(255) DEFAULT NULL,
  `A3` tinyint(4) DEFAULT '0',
  `A3Clicks` int(11) NOT NULL DEFAULT '0',
  `Answer4` text,
  `AnswerPic4` varchar(255) DEFAULT NULL,
  `A4` tinyint(4) DEFAULT '0',
  `A4Clicks` int(11) NOT NULL DEFAULT '0',
  `Answer5` text,
  `AnswerPic5` varchar(255) DEFAULT NULL,
  `A5` tinyint(4) DEFAULT '0',
  `A5Clicks` int(11) NOT NULL DEFAULT '0',
  `Answer6` text,
  `AnswerPic6` varchar(255) DEFAULT NULL,
  `A6` tinyint(4) DEFAULT '0',
  `A6Clicks` int(11) NOT NULL DEFAULT '0',
  `AnswerText` text,
  `sortOrder` smallint(6) NOT NULL DEFAULT '100',
  `Points` int(11) NOT NULL DEFAULT '1',
  `Correct` int(11) NOT NULL DEFAULT '0',
  `Incorrect` int(11) NOT NULL DEFAULT '0',
  `Explanation` text,
  `Subject` int(11) NOT NULL DEFAULT '1',
  `AnswerAud1` varchar(255) DEFAULT NULL,
  `AnswerAud2` varchar(255) DEFAULT NULL,
  `AnswerAud3` varchar(255) DEFAULT NULL,
  `AnswerAud4` varchar(255) DEFAULT NULL,
  `AnswerAud5` varchar(255) DEFAULT NULL,
  `AnswerAud6` varchar(255) DEFAULT NULL,
  PRIMARY KEY (`ID`),
  KEY `TestID` (`TestID`)
) ENGINE=MyISAM AUTO_INCREMENT=193 DEFAULT CHARSET=latin1;
/*!40101 SET character_set_client = @saved_cs_client */;

--
-- Dumping data for table `Questions`
--

LOCK TABLES `Questions` WRITE;
/*!40000 ALTER TABLE `Questions` DISABLE KEYS */;
INSERT INTO `Questions` VALUES (1,'3','You locate a command in the /bin directory but do not know what it does. What command can you use to determine its purpose ?',NULL,NULL,NULL,NULL,'whatis',NULL,0,2,'man',NULL,0,3,'info',NULL,0,1,'all of the above',NULL,1,9,NULL,NULL,0,0,NULL,NULL,0,0,NULL,100,1,9,7,NULL,1,NULL,NULL,NULL,NULL,NULL,NULL),(2,'3','While using fdisk what command would you use to see the partition table?',NULL,NULL,NULL,NULL,'w',NULL,0,0,'m',NULL,0,0,'p',NULL,1,10,'n',NULL,0,2,NULL,NULL,0,0,NULL,NULL,0,0,NULL,100,1,10,4,NULL,1,NULL,NULL,NULL,NULL,NULL,NULL),(3,'3','Which file should you edit to ensure that the custom scripts will run without your users having to type the complete path to the script?',NULL,NULL,NULL,NULL,'~/.profile',NULL,0,1,'/etc/profile',NULL,1,3,'/etc/bash',NULL,0,3,'~/.bash',NULL,0,6,NULL,NULL,0,0,NULL,NULL,0,0,NULL,100,1,3,11,NULL,1,NULL,NULL,NULL,NULL,NULL,NULL),(4,'3','How do you tell the amount of free disk space left on a volume ?',NULL,NULL,NULL,NULL,'du -sh ',NULL,0,3,'df -h',NULL,1,8,'fdisk -l',NULL,0,3,'all of the above',NULL,0,4,NULL,NULL,0,0,NULL,NULL,0,0,NULL,100,1,8,11,NULL,1,NULL,NULL,NULL,NULL,NULL,NULL),(5,'3','What command should you use to check your filesystem?',NULL,NULL,NULL,NULL,'chkdisk',NULL,0,2,'fsck',NULL,1,9,'fscheck   ',NULL,0,2,'checkfs ',NULL,0,1,NULL,NULL,0,0,NULL,NULL,0,0,NULL,100,1,9,7,NULL,1,NULL,NULL,NULL,NULL,NULL,NULL),(6,'3','What command will display the first several lines of a file called Rubicon?',NULL,NULL,NULL,NULL,'head Rubicon',NULL,1,18,'tail Rubicon',NULL,0,1,'cat Rubicon',NULL,0,0,'ls Rubicon',NULL,0,2,NULL,NULL,0,0,NULL,NULL,0,0,NULL,100,1,18,4,NULL,1,NULL,NULL,NULL,NULL,NULL,NULL),(7,'3','You need to see the last fifteen lines of the files dog, cat and horse. What command should you use?',NULL,NULL,NULL,NULL,'less -15 dog cat horse',NULL,0,2,'tail -15 dog cat horse',NULL,1,15,'None of the above',NULL,0,4,'Both 1 and 2 ',NULL,0,2,NULL,NULL,0,0,NULL,NULL,0,0,NULL,100,1,15,10,NULL,1,NULL,NULL,NULL,NULL,NULL,NULL),(8,'3','What would be the result of the command paste -s dog cat',NULL,NULL,NULL,NULL,'The corresponding lines from the files dog and cat would be pasted together separated by a tab',NULL,0,4,'The corresponding lines from the files dog and cat would be pasted together separated by a space',NULL,0,4,'The file cat would be pasted after the file dog',NULL,1,2,'The file dog would be pasted after the file cat.',NULL,0,3,NULL,NULL,0,0,NULL,NULL,0,0,NULL,100,1,2,12,NULL,1,NULL,NULL,NULL,NULL,NULL,NULL),(9,'3','When using sed to replace one term with another it will print every line in the file and then print each line every time it does a replacement. What option should you add to the command line to only print the lines that are changed?',NULL,NULL,NULL,NULL,'n',NULL,1,8,'p',NULL,0,3,'g',NULL,0,3,'f',NULL,0,3,NULL,NULL,0,0,NULL,NULL,0,0,NULL,100,1,8,11,NULL,1,NULL,NULL,NULL,NULL,NULL,NULL),(10,'3','how will you tell the exact the number of httpd processes running on aLinux box',NULL,NULL,NULL,NULL,'ps aux | grep httpd',NULL,0,3,'top |grep http',NULL,0,0,'ps aux | grep httpd | wc -l',NULL,1,19,'count http | ps aux ',NULL,0,1,NULL,NULL,0,0,NULL,NULL,0,0,NULL,100,1,19,6,NULL,1,NULL,NULL,NULL,NULL,NULL,NULL),(11,'3','If you type the command cat dog &> cat what would you see on your display?',NULL,NULL,NULL,NULL,'Any error messages only',NULL,0,4,'The contents of the file dog.',NULL,0,1,'The contents of the file dog and any error messages.',NULL,0,6,'Nothing as all output is saved to the file cat. ',NULL,1,7,NULL,NULL,0,0,NULL,NULL,0,0,NULL,100,1,7,12,NULL,1,NULL,NULL,NULL,NULL,NULL,NULL),(12,'3','How does the locate and find commands differ in their method of searching',NULL,NULL,NULL,NULL,'locate uses the locatedb database and find searches the directory tree.',NULL,1,7,'find searches the directory tree and the locate command only searches known directories.',NULL,0,3,'find uses the finddb database and locate searches the directory tree.',NULL,0,2,'Both locate and find searches the directory tree. ',NULL,0,1,NULL,NULL,0,0,NULL,NULL,0,0,NULL,100,1,7,8,NULL,1,NULL,NULL,NULL,NULL,NULL,NULL),(13,'3','You suspect that you have two commands with the same name as the command is not producing the expected results. What command can you use to determine the location of the command being run? ',NULL,NULL,NULL,NULL,'which',NULL,0,5,'whereis',NULL,0,3,'echo $PATH',NULL,0,3,'both 1 and 2',NULL,1,10,NULL,NULL,0,0,NULL,NULL,0,0,NULL,100,1,5,17,NULL,1,NULL,NULL,NULL,NULL,NULL,NULL),(14,'3','What command should you type to see all the files with an extension out listed in reverse alphabetical order in the /var/log/mylogs/',NULL,NULL,NULL,NULL,'ls -r *.out',NULL,1,5,'ls -l *.out',NULL,0,0,'ls -l | grep out',NULL,0,1,'ls -r | grep *.out',NULL,0,8,NULL,NULL,0,0,NULL,NULL,0,0,NULL,100,1,5,10,NULL,1,NULL,NULL,NULL,NULL,NULL,NULL),(15,'3','You need to locate a file called salesdata that one of your user\'s created in his home directory but you do not know which one. How could you use the find command to locate this file',NULL,NULL,NULL,NULL,'find  -name salesdata /home',NULL,0,4,'find /home -n salesdata',NULL,0,6,'find /home -name salesdata',NULL,1,6,'find  -n salesdata /home',NULL,0,0,NULL,NULL,0,0,NULL,NULL,0,0,NULL,100,1,6,12,NULL,1,NULL,NULL,NULL,NULL,NULL,NULL),(16,'3','You need to search the entire directory structure to locate a specificfile. How could you do this and still be able to run other commands while the find command is still searching for your file?',NULL,NULL,NULL,NULL,'find / -name filename &',NULL,1,9,'find / -name filename',NULL,0,4,'bg find / -name filename',NULL,0,3,'&find / -name filename & ',NULL,0,2,NULL,NULL,0,0,NULL,NULL,0,0,NULL,100,1,9,10,NULL,1,NULL,NULL,NULL,NULL,NULL,NULL),(17,'3','how many process states available in Linux?',NULL,NULL,NULL,NULL,'4',NULL,1,9,'3',NULL,0,2,'5',NULL,0,3,'6',NULL,0,5,NULL,NULL,0,0,NULL,NULL,0,0,NULL,100,1,9,12,NULL,1,NULL,NULL,NULL,NULL,NULL,NULL),(18,'3','Which command do you use to change run levels',NULL,NULL,NULL,NULL,'initlevel ',NULL,0,0,'runlevel',NULL,0,4,'run ',NULL,0,1,'init ',NULL,1,12,NULL,NULL,0,0,NULL,NULL,0,0,NULL,100,1,12,6,NULL,1,NULL,NULL,NULL,NULL,NULL,NULL),(19,'3','how will you kill Zombie processs',NULL,NULL,NULL,NULL,'kill -9 <PID>',NULL,0,4,'kill -15 <PID>',NULL,0,0,'None of the above',NULL,1,5,'Both 1 and 2 ',NULL,0,2,NULL,NULL,0,0,NULL,NULL,0,0,NULL,100,1,5,8,NULL,1,NULL,NULL,NULL,NULL,NULL,NULL),(20,'3','what is the highest priority for process in linux',NULL,NULL,NULL,NULL,'19',NULL,0,6,'-20',NULL,1,11,'-10',NULL,0,0,'10',NULL,0,3,NULL,NULL,0,0,NULL,NULL,0,0,NULL,100,1,11,10,NULL,1,NULL,NULL,NULL,NULL,NULL,NULL),(21,'3','You have entered the following cronjob. When will it run ? 15 * * * 1,3,5 myscript',NULL,NULL,NULL,NULL,'at 15 minutes after every hour on the 1st, 3rd and 5th of each month.',NULL,0,1,'at 1:15 am, 3:15 am, and 5:15 am every day',NULL,0,2,'at 3:00 pm on the 1st, 3rd, and 5th of each month',NULL,0,1,'at 15 minutes after every hour every Monday, Wednesday, and Friday',NULL,1,10,NULL,NULL,0,0,NULL,NULL,0,0,NULL,100,1,10,7,NULL,1,NULL,NULL,NULL,NULL,NULL,NULL),(22,'3','difference between cron and at',NULL,NULL,NULL,NULL,'At is used to schedule a job only once, while crontab is used to schedule recurring jobs.',NULL,1,14,'Cron is used to schedule a job only once, while AT is used to schedule recurring jobs.',NULL,0,2,'AT is used by normal user while CRON is used by ROOT',NULL,0,1,'CRON is used by normal user while AT is used by ROOT',NULL,0,3,NULL,NULL,0,0,NULL,NULL,0,0,NULL,100,1,14,7,NULL,1,NULL,NULL,NULL,NULL,NULL,NULL),(23,'3','write a cron job to run /usr/local/test.sh every three days at mid -night',NULL,NULL,NULL,NULL,'0 0 */3 * *  /usr/local/test.sh',NULL,1,7,'0 0 0 */3 *   /usr/local/test.sh',NULL,0,6,'0 0 3 * *  /usr/local/test.sh',NULL,0,1,'0 0 * * 3  /usr/local/test.sh',NULL,0,3,NULL,NULL,0,0,NULL,NULL,0,0,NULL,100,1,7,11,NULL,1,NULL,NULL,NULL,NULL,NULL,NULL),(24,'3','How to View Crontab Entries',NULL,NULL,NULL,NULL,'crontab -v',NULL,0,0,'crontab -l',NULL,1,13,'vi crontab',NULL,0,2,'None of the above.',NULL,0,1,NULL,NULL,0,0,NULL,NULL,0,0,NULL,100,1,13,4,NULL,1,NULL,NULL,NULL,NULL,NULL,NULL),(25,'3','How to Execute a Linux Cron Jobs Every Second Using Crontab',NULL,NULL,NULL,NULL,'0 0 * * * ',NULL,0,1,'* * * * * ',NULL,0,5,'0 0 0 0 0',NULL,0,2,'None of the Above',NULL,1,9,NULL,NULL,0,0,NULL,NULL,0,0,NULL,100,1,9,9,NULL,1,NULL,NULL,NULL,NULL,NULL,NULL),(26,'3','You want to create a compressed backup of the juned\'s home directory What utility should you use? ',NULL,NULL,NULL,NULL,'tar with z switch',NULL,1,11,'zip with -t switch',NULL,0,2,'bzip2 utility',NULL,0,5,'none of these',NULL,0,0,NULL,NULL,0,0,NULL,NULL,0,0,NULL,100,1,11,8,NULL,1,NULL,NULL,NULL,NULL,NULL,NULL),(27,'3','You need to view the contents of the tarfile called MyBackup.tar. Whatcommand would you use? ',NULL,NULL,NULL,NULL,'tar -tf MyBackup.tar',NULL,1,7,'tar -cvf MyBackup.tar',NULL,0,0,'tar -xvf MyBackup.tar',NULL,0,3,'tar -lvf MyBackup.tar',NULL,0,1,NULL,NULL,0,0,NULL,NULL,0,0,NULL,100,1,7,5,NULL,1,NULL,NULL,NULL,NULL,NULL,NULL),(28,'3','how can you view the contents of zip file without un-ziping i',NULL,NULL,NULL,NULL,'cat zip file name',NULL,0,1,'zcat file name ',NULL,1,10,'unzip -l zip file name',NULL,0,2,'None of the above.',NULL,0,4,NULL,NULL,0,0,NULL,NULL,0,0,NULL,100,1,10,8,NULL,1,NULL,NULL,NULL,NULL,NULL,NULL),(29,'3','How to upgrade the packages which are already installed on to the linux box',NULL,NULL,NULL,NULL,'rpm -U install options packagename',NULL,0,5,'rpm -f install options packagename',NULL,0,1,'rpm -u install options packagename',NULL,0,4,'rpm -F install options packagename',NULL,1,3,NULL,NULL,0,0,NULL,NULL,0,0,NULL,100,1,3,11,NULL,1,NULL,NULL,NULL,NULL,NULL,NULL),(30,'3','what command will you type to lists all installed packages in red hat ystems',NULL,NULL,NULL,NULL,'rpm -qa ',NULL,1,7,'rpm -la',NULL,0,4,'rpm -list',NULL,0,0,'rpm  -queryall',NULL,0,2,NULL,NULL,0,0,NULL,NULL,0,0,NULL,100,1,7,7,NULL,1,NULL,NULL,NULL,NULL,NULL,NULL),(31,'3','After typing in a new command and pressing enter, you receive an errormssage indicating incorrect syntax. This error message originated from',NULL,NULL,NULL,NULL,'The shell',NULL,0,6,'The operating system',NULL,0,2,'The command',NULL,1,3,'The kernel',NULL,0,3,NULL,NULL,0,0,NULL,NULL,0,0,NULL,100,1,3,13,NULL,1,NULL,NULL,NULL,NULL,NULL,NULL),(32,'3','What daemon is responsible for tracking events on your system',NULL,NULL,NULL,NULL,'trackd',NULL,0,0,'captured',NULL,0,0,'syslogd',NULL,1,11,'logger',NULL,0,1,NULL,NULL,0,0,NULL,NULL,0,0,NULL,100,1,11,2,NULL,1,NULL,NULL,NULL,NULL,NULL,NULL),(33,'3','What utility can you use to show a dynamic listing of running processes',NULL,NULL,NULL,NULL,'ps',NULL,0,2,'top',NULL,1,7,'Both 1 and 2 ',NULL,0,5,'None of the above.',NULL,0,2,NULL,NULL,0,0,NULL,NULL,0,0,NULL,100,1,7,10,NULL,1,NULL,NULL,NULL,NULL,NULL,NULL),(34,'3','How to find difference in two configuration files on the same server',NULL,NULL,NULL,NULL,'ls first.conf second.conf',NULL,0,0,'diff first.conf second.conf',NULL,1,11,'patch first.conf second.conf',NULL,0,0,'paste first.conf second.conf',NULL,0,0,NULL,NULL,0,0,NULL,NULL,0,0,NULL,100,1,11,1,NULL,1,NULL,NULL,NULL,NULL,NULL,NULL),(35,'3','how will you check if the port is open or not',NULL,NULL,NULL,NULL,'using netstat',NULL,1,11,'portmap',NULL,0,0,'Both 1 and 2 ',NULL,0,1,'None of the above.',NULL,0,3,NULL,NULL,0,0,NULL,NULL,0,0,NULL,100,1,11,5,NULL,1,NULL,NULL,NULL,NULL,NULL,NULL),(36,'3','Give an example of set of shell commands that will give you the numberof files in a directory',NULL,NULL,NULL,NULL,'ls -l | wc -l',NULL,0,6,'ls -l | wc -l, and subtract 1',NULL,0,3,'ls -l | wc -l, and subtract 2',NULL,1,2,'ls  | wc -l',NULL,0,6,NULL,NULL,0,0,NULL,NULL,0,0,NULL,100,1,2,16,NULL,1,NULL,NULL,NULL,NULL,NULL,NULL),(37,'3','Each command has two types of output , namly',NULL,NULL,NULL,NULL,'standard output and nonstandard output',NULL,0,0,'standard output and standard error',NULL,1,14,'Both 1 and 2 ',NULL,0,1,'None of the above ',NULL,0,4,NULL,NULL,0,0,NULL,NULL,0,0,NULL,100,1,14,6,NULL,1,NULL,NULL,NULL,NULL,NULL,NULL),(38,'3','How do you find out the number of arguments passed to the shell script',NULL,NULL,NULL,NULL,'$#',NULL,1,9,'$?',NULL,0,1,'$*',NULL,0,0,'$!',NULL,0,3,NULL,NULL,0,0,NULL,NULL,0,0,NULL,100,1,9,5,NULL,1,NULL,NULL,NULL,NULL,NULL,NULL),(39,'3','How to determine the exit status of Linux and UNIX command',NULL,NULL,NULL,NULL,'echo $#',NULL,0,0,'echo$?',NULL,1,11,'echo$*',NULL,0,2,'echo$!',NULL,0,2,NULL,NULL,0,0,NULL,NULL,0,0,NULL,100,1,11,5,NULL,1,NULL,NULL,NULL,NULL,NULL,NULL),(40,'3','exit status of zero means','','','','','Success ','',1,12,'Error','',0,0,'No result','',0,1,'both Success and error','',0,0,'','',0,0,'','',0,0,'',100,1,12,2,'',2,'','','','','',''),(41,'3','if you want to start Apache during boot what will you do ?',NULL,NULL,NULL,NULL,' chkconfig httpd on',NULL,1,10,'service httpd start',NULL,0,1,'ps aux | grep httpd ',NULL,0,0,'both 1 and 2',NULL,0,6,NULL,NULL,0,0,NULL,NULL,0,0,NULL,100,1,10,8,NULL,1,NULL,NULL,NULL,NULL,NULL,NULL),(42,'3','If you specify both deny from all and allow from all, what will be thedefault action of Apache? ',NULL,NULL,NULL,NULL,'In case of ambiguity deny always takes precedence over allow.',NULL,1,13,'In case of ambiguity allow always takes precedence over deny.',NULL,0,0,'configuration gives error',NULL,0,2,'none of the above',NULL,0,1,NULL,NULL,0,0,NULL,NULL,0,0,NULL,100,1,13,4,NULL,1,NULL,NULL,NULL,NULL,NULL,NULL),(43,'3','on which port https service runs by default',NULL,NULL,NULL,NULL,'80',NULL,0,4,'8080',NULL,0,3,'445',NULL,0,0,'443',NULL,1,8,NULL,NULL,0,0,NULL,NULL,0,0,NULL,100,1,8,8,NULL,1,NULL,NULL,NULL,NULL,NULL,NULL),(44,'3','What do you mean by Direcory index in Apache configuration',NULL,NULL,NULL,NULL,'Path of html files',NULL,0,5,'path of CGI files',NULL,0,0,'it defines  the default page to display when a directory is accessed',NULL,1,6,'it gives the path of other configurations files to include in apache conf',NULL,0,3,NULL,NULL,0,0,NULL,NULL,0,0,NULL,100,1,6,9,NULL,1,NULL,NULL,NULL,NULL,NULL,NULL),(45,'3','How to check connections on apache port 80',NULL,NULL,NULL,NULL,'portmap | grep :80 | wc -l',NULL,0,0,' netstat -an |grep :80 |wc -l',NULL,1,9,'ps aux | grep httpd',NULL,0,3,'chkconfig httpd on',NULL,0,1,NULL,NULL,0,0,NULL,NULL,0,0,NULL,100,1,9,5,NULL,1,NULL,NULL,NULL,NULL,NULL,NULL),(46,'3','What type of server is used to remotely assign IP addresses to machines during the installation process',NULL,NULL,NULL,NULL,'DNS',NULL,0,0,'DHCP',NULL,1,15,'SMBD',NULL,0,1,'FTPD',NULL,0,0,NULL,NULL,0,0,NULL,NULL,0,0,NULL,100,1,15,2,NULL,1,NULL,NULL,NULL,NULL,NULL,NULL),(47,'3','What is the difference between TCP and UDP',NULL,NULL,NULL,NULL,'TCP - Connection Oriented wile UDP - Connection less',NULL,1,12,'UDP - Connection Oriented while TCP - Connection less',NULL,0,3,'',NULL,0,0,'',NULL,0,0,NULL,NULL,0,0,NULL,NULL,0,0,NULL,100,1,12,4,NULL,1,NULL,NULL,NULL,NULL,NULL,NULL),(48,'3','How to know the uptime of the server',NULL,NULL,NULL,NULL,'uptime',NULL,0,4,'w',NULL,0,1,'top',NULL,0,0,'ALL of the Above',NULL,1,14,NULL,NULL,0,0,NULL,NULL,0,0,NULL,100,1,14,6,NULL,1,NULL,NULL,NULL,NULL,NULL,NULL),(49,'3','What is an MX record in DNS configuration',NULL,NULL,NULL,NULL,'it specifies a mail serverresponsible for accepting email for that domain',NULL,1,10,'it specifies the secondary name server ',NULL,0,1,'it represents  maximum queries the DNS can handle at a time ',NULL,0,1,'None of the above.',NULL,0,3,NULL,NULL,0,0,NULL,NULL,0,0,NULL,100,1,10,6,NULL,1,NULL,NULL,NULL,NULL,NULL,NULL),(50,'3','Which is the daemon for DNS',NULL,NULL,NULL,NULL,'bind',NULL,0,5,'named',NULL,1,13,'httpd',NULL,0,0,'dnsd',NULL,0,3,NULL,NULL,0,0,NULL,NULL,0,0,NULL,100,1,13,9,NULL,1,NULL,NULL,NULL,NULL,NULL,NULL),(51,'5','Which is a Primary memory?','','','','','Flash','',0,1,'Hard Drive','',0,2,'CD / DVD','',0,0,'RAM','',1,9,'','',0,0,'','',0,0,'',100,1,10,2,'',3,'','','','','',''),(53,'7','DNS is ','','','','','Domain name server','',1,0,'Dynamic host protocol','',0,0,'DSd','',0,0,'sfsg','',0,0,'','',0,0,'','',0,0,'',100,1,0,0,NULL,1,NULL,NULL,NULL,NULL,NULL,NULL),(54,'5','Which protocol is used to check the network connectivity?',NULL,NULL,NULL,NULL,'RPC','',0,2,'IP','',0,2,'ICMP','',1,3,'TCP','',0,2,'','',0,0,'','',0,0,'',100,1,3,6,'',3,'','','','','',''),(55,'5','How to check the Processes in Windows?','','','','','Control Panel','',0,0,'My Computer','',0,1,'Performance Monitor','',0,0,'Task Manager','',1,9,'','',0,0,'','',0,0,'',100,1,9,1,'',3,'','','','','',''),(56,'5','What is Booting?','','','','','Loading operating system from Primary memory to Secondary memory','',0,3,'Loading operating system from Secondary memory to Primary memory','',1,4,'CD / DVD to Hard Drive','',0,1,'Loading operating system files to virtual memory','',0,2,'','',0,0,'','',0,0,'',100,1,4,6,'',3,'','','','','',''),(57,'5','BIOS is ____','','','','','Basic International Operating System','',0,0,'Basic Input Output System','',1,10,'Basic Integrated operations System','',0,0,'Baisc International Operating System','',0,0,'','',0,0,'','',0,0,'',100,1,10,0,'',3,'','','','','',''),(58,'5','Client Operating Systems is ____','','','','','Provides serices to others','',0,0,'Provides services to local computer','',0,2,'Requests for the services','',1,6,'Orders others for services','',0,0,'','',0,0,'','',0,0,'',100,1,6,2,'',3,'','','','','',''),(59,'5','192.166.1.1 is a PRIVATE IP address.','','','','','True','',0,6,'False','',1,4,'','',0,0,'','',0,0,'','',0,0,'','',0,0,'',100,1,4,6,'',3,'','','','','',''),(60,'5','127.0.0.1 is a _____','','','','','Private IP','',0,0,'Public IP','',0,0,'Loop Back','',1,12,'Reserved for UNIX testing','',0,1,'','',0,0,'','',0,0,'',100,1,12,1,'',3,'','','','','',''),(61,'5','10.10.10.10 is a Public address.','','','','','True','',0,4,'False','',1,6,'','',0,0,'','',0,0,'','',0,0,'','',0,0,'',100,1,6,4,'',3,'','','','','',''),(62,'5','How to check DNS in Windows using command prompt?',NULL,NULL,NULL,NULL,'ipconfig','',0,1,'ipconfig /all','',1,9,'ifconfig','',0,0,'ifconfig /all','',0,0,'','',0,0,'','',0,0,'',100,1,9,1,'',3,'','','','','',''),(63,'5','Which of the following is an APIPA?',NULL,NULL,NULL,NULL,'10.254.1.1','',0,0,'172.254.1.1','',0,1,'169.254.1.1','',1,7,'192.254.1.1','',0,1,'','',0,0,'','',0,0,'',100,1,7,2,'',3,'','','','','',''),(64,'5','Which file is loaded first in windows booting sequence?',NULL,NULL,NULL,NULL,'Boot.ini','',0,1,'NTLDR','',1,5,'NTDETECT.COM','',0,1,'NTOSKRNL.EXE','',0,0,'','',0,0,'','',0,0,'',100,1,5,2,'',3,'','','','','',''),(65,'5','Purpose of DHCP?','','','','','Name Resolution','',0,0,'Host Name Creation','',0,0,'FQDN Resolution','',0,2,'Assigning IP dynamically','',1,10,'','',0,0,'','',0,0,'',100,1,10,2,'',3,'','','','','',''),(66,'5','LDAP stands for ____','','','','','Low Direct  Access Protocol','',0,0,'Light Weight Directory Access Protocol','',1,7,'Lowest Deny Access Protocol','',0,1,'Lesser Definition Access Protocol','',0,0,'','',0,0,'','',0,0,'',100,1,7,1,'',3,'','','','','',''),(67,'5','Port number for LDAP is ___',NULL,NULL,NULL,NULL,'25','',0,0,'80','',0,1,'389','',1,8,'443','',0,1,'','',0,0,'','',0,0,'',100,1,8,2,'',3,'','','','','',''),(68,'5','Protocol is PORT specific?',NULL,NULL,NULL,NULL,'True ','',0,5,'False','',1,1,'','',0,0,'','',0,0,'','',0,0,'','',0,0,'',100,1,1,5,'',2,'','','','','',''),(69,'5','We can ___ number of mximum Primary partitions?',NULL,NULL,NULL,NULL,'2','',0,1,'4','',1,7,'8','',0,1,'n number of','',0,3,'','',0,0,'','',0,0,'',100,1,7,5,'',2,'','','','','',''),(70,'5','After system startup if desktop is not reflecting, no Start menu option is reflecting the ____ file has not been loaded.',NULL,NULL,NULL,NULL,'Winlogon.Exe','',0,1,'Lsass.exe','',0,0,'explorer.exe','',1,8,'userinit.exe','',0,0,'','',0,0,'','',0,0,'',100,1,8,1,'',3,'','','','','',''),(71,'5','How many bytes = 1 bit?',NULL,NULL,NULL,NULL,'2','',0,0,'4','',0,0,'8','',0,2,'Wrong Question','',1,7,'','',0,0,'','',0,0,'',100,1,7,2,'',3,'','','','','',''),(72,'5','How many bits = 1 byte?',NULL,NULL,NULL,NULL,'2','',0,0,'4','',0,0,'8','',1,7,'Wrong Question.','',0,1,'','',0,0,'','',0,0,'',100,1,7,1,'',2,'','','','','',''),(73,'5','SRV record in DNS is responsible for ___',NULL,NULL,NULL,NULL,'Service Location','',1,4,'Services running on DNS server','',0,2,'Host services on DNS','',0,1,'Host services in Domain','',0,2,'','',0,0,'','',0,0,'',100,1,4,5,'',3,'','','','','',''),(74,'5','Forestwide Roles in FSMO are',NULL,NULL,NULL,NULL,'Schema Master & PDC Emulator','',0,0,'RID Master & Infrastructure Master','',0,0,'Schema Master & Domain naming Master','',1,3,'Domain naming Master & RID Master','',0,2,'','',0,0,'','',0,0,'',100,1,3,2,'',3,'','','','','',''),(75,'5','RID generates ___ number of RID pool for each Domain Controller.',NULL,NULL,NULL,NULL,'454','',0,2,'484','',1,3,'504','',0,4,'404','',0,0,'','',0,0,'','',0,0,'',100,1,3,6,'',3,'','','','','',''),(76,'5','If IIS service failed to start then primarily we should check ___',NULL,NULL,NULL,NULL,'System Event Logs','',0,0,'Application Events Logs','',1,8,'Custom Events Logs','',0,1,'Security Events Logs','',0,0,'','',0,0,'','',0,0,'',100,1,8,1,'',3,'','','','','',''),(78,'3','What are the appropriate Hex codes for setting Linux swap and Linux native partition types in fdisk?',NULL,NULL,NULL,NULL,'82 and 83',NULL,1,11,'92 and 93',NULL,0,0,'63 and 64',NULL,0,1,'82 and 85',NULL,0,4,NULL,NULL,0,0,NULL,NULL,0,0,NULL,100,1,11,6,NULL,1,NULL,NULL,NULL,NULL,NULL,NULL),(79,'3','You just added a new user, kara, to the system. What group is kara added to by default?',NULL,NULL,NULL,NULL,'root',NULL,0,1,'kara',NULL,1,8,'group',NULL,0,1,'user',NULL,0,1,NULL,NULL,0,0,NULL,NULL,0,0,NULL,100,1,8,4,NULL,1,NULL,NULL,NULL,NULL,NULL,NULL),(80,'3','To create an installation boot floppy disk from Linux (or another Unix) machine, what command could you use?',NULL,NULL,NULL,NULL,'fdisk',NULL,0,7,'fsck',NULL,0,1,'dd',NULL,1,8,'rawrite',NULL,0,4,NULL,NULL,0,0,NULL,NULL,0,0,NULL,100,1,8,12,NULL,1,NULL,NULL,NULL,NULL,NULL,NULL),(81,'3','The IPV4 address are based on',NULL,NULL,NULL,NULL,'16-bit addresses',NULL,0,1,'32-bit addresses',NULL,1,14,'64-bit addresses',NULL,0,1,'8-bit addresses',NULL,0,0,NULL,NULL,0,0,NULL,NULL,0,0,NULL,100,1,14,2,NULL,1,NULL,NULL,NULL,NULL,NULL,NULL),(82,'3','The command chmod 761 letter is equivalent to','','','','','chmod u=7, g = 6, o = 1 letter','',0,3,'chmod a = 761 letter','',0,0,'chmod u = rwx, g = rw, o = x letter','',1,9,'chmod 167 letter','',0,1,'','',0,0,'','',0,0,'',100,1,9,4,'',2,'','','','','',''),(83,'3','What command is used to print a file?',NULL,NULL,NULL,NULL,'lp',NULL,1,12,'pg',NULL,0,1,'prn',NULL,0,0,'print',NULL,0,2,NULL,NULL,0,0,NULL,NULL,0,0,NULL,100,1,12,3,NULL,1,NULL,NULL,NULL,NULL,NULL,NULL),(84,'3','What command is used to sort the lines of data in a file in reverse order?','','','','','sort -r','',1,10,'St','',0,0,'Sh','',0,0,'Sort','',0,3,'','',0,0,'','',0,0,'',100,1,10,3,'',2,'','','','','',''),(85,'3','What command is used to display the characteristics of a process?','','','','','au','',0,2,'ps','',1,16,'du','',0,0,'pid','',0,3,'','',0,0,'','',0,0,'',100,1,11,10,'',2,'','','','','',''),(86,'3','Which of the following is not a communication command?','','','','','grep','',1,13,'mail','',0,0,'mesg','',0,0,'write','',0,2,'','',0,0,'','',0,0,'',100,1,8,7,'',2,'','','','','',''),(87,'3','Which of the following command can you execute to count the number of lines in a file?','','','','','lc','',0,3,' wc -l','',1,9,'cl','',0,0,'count','',0,2,'','',0,0,'','',0,0,'',100,1,7,8,'',2,'','','','','',''),(88,'3','What command do you use to create Linux file systems?','','','','','fdisk','',0,3,'mkfs','',1,11,'fsck','',0,0,'mount','',0,1,'','',0,0,'','',0,0,'',100,1,8,8,'',2,'','','','','',''),(89,'3','Which of the following is a valid format for mounting a CD-ROM drive?','','','','','mount -t iso9660 /dev/cdrom / mnt/cdrom','',1,10,'mount /dev/cdrom','',0,2,'mount /mnt/cdrom','',0,0,'All of the above','',0,3,'','',0,0,'','',0,0,'',100,1,7,8,'',2,'','','','','',''),(90,'3','What does FSF stand for?',NULL,NULL,NULL,NULL,'Free Software File',NULL,0,0,'File Server First',NULL,0,2,'First Serve First',NULL,0,1,'Free Software Foundation',NULL,1,12,NULL,NULL,0,0,NULL,NULL,0,0,NULL,100,1,12,3,NULL,1,NULL,NULL,NULL,NULL,NULL,NULL),(91,'3','How could you install the file ipchains-1.3.9-5.i386.rpm?',NULL,NULL,NULL,NULL,'rpm -qip ipchains',NULL,0,1,'rpm -Uvh ipchains',NULL,0,1,'rpm -i ipchains* .i386.rpm',NULL,1,7,'rpm -e ipchains-1.3.9-5.i386.rpm',NULL,0,0,NULL,NULL,0,0,NULL,NULL,0,0,NULL,100,1,1,8,NULL,1,NULL,NULL,NULL,NULL,NULL,NULL),(92,'3','How many primary partitions can exist on one drive?',NULL,NULL,NULL,NULL,'16',NULL,0,1,'4',NULL,1,10,'2',NULL,0,1,'1',NULL,0,0,NULL,NULL,0,0,NULL,NULL,0,0,NULL,100,1,10,3,NULL,1,NULL,NULL,NULL,NULL,NULL,NULL),(93,'3','What service is used to translate domain names to IP addresses?',NULL,NULL,NULL,NULL,'NFS',NULL,0,1,'SMB',NULL,0,0,'NIS',NULL,0,0,'DNS',NULL,1,16,NULL,NULL,0,0,NULL,NULL,0,0,NULL,100,1,16,2,NULL,1,NULL,NULL,NULL,NULL,NULL,NULL),(94,'3','What TCP/IP protocol is used for remote terminal connection service?','','','','','UDP','',0,1,'RARP','',0,0,'FTP','',0,1,'TELNET','',1,14,'','',0,0,'','',0,0,'',100,1,11,5,'',2,'','','','','',''),(95,'3','The physical layer of a network','','','','','constructs packets of data and sends them across the network','',1,7,'controls error detection and correction','',0,0,'defines the electrical characteristics of signals passed between the computer and communication devices','',0,5,'All of the above','',0,5,'','',0,0,'','',0,0,'',100,1,3,14,'',2,'','','','','',''),(96,'3','What command is used to remove the directory?',NULL,NULL,NULL,NULL,'rdir',NULL,0,0,'remove',NULL,0,0,'rd',NULL,0,1,'rmdir',NULL,1,11,NULL,NULL,0,0,NULL,NULL,0,0,NULL,100,1,11,1,NULL,1,NULL,NULL,NULL,NULL,NULL,NULL),(97,'3','What command is used to remove files?',NULL,NULL,NULL,NULL,'dm',NULL,0,0,'rm',NULL,1,19,'delete',NULL,0,0,'erase',NULL,0,1,NULL,NULL,0,0,NULL,NULL,0,0,NULL,100,1,19,1,NULL,1,NULL,NULL,NULL,NULL,NULL,NULL),(98,'3','What command is used to count the total number of lines, words, and characters contained in a file?',NULL,NULL,NULL,NULL,'countw',NULL,0,0,'wcount',NULL,0,1,'wc',NULL,1,14,'count p',NULL,0,2,NULL,NULL,0,0,NULL,NULL,0,0,NULL,100,1,14,4,NULL,1,NULL,NULL,NULL,NULL,NULL,NULL),(99,'3','how would you see files that are hard linked together','','','','','hl -l','',0,2,'ls -s','',0,4,'ls -i','',1,6,'link -s','',0,6,'','',0,0,'','',0,0,'',100,1,4,14,'',2,'','','','','',''),(185,'5','Your network consists of a single active Directory domain named Cybage.com. All domain controllers run Windows Server 2003, and each one has a locally attached tape device. You need to back up each domain controller. Your backup process must fulfil the followingrequirements: System recovery must be possible in the event of server failure. The system configuration and all current dynamic disk configurations must be backed up. Other data partitions do not need to be backed up. What should you do?',NULL,NULL,NULL,NULL,'Use the Backup utility to back up the system files and to create an Automated System Recovery (ASR) disk.',NULL,1,3,'Use the Backup utility to back up the contents of all mounted drives.',NULL,0,0,'Use the Xcopy command to copy C:windows and its subfolders to a shared folder on the network.',NULL,0,0,'Use the Backup utility to back up only the System State data.',NULL,0,2,NULL,NULL,0,0,NULL,NULL,0,0,NULL,100,1,3,2,NULL,1,NULL,NULL,NULL,NULL,NULL,NULL),(101,'3','how would you add new user bcd, to the system with the project as the primary default group ,and test it as a secondary group,','','','','','useradd -p project -s test bcd','',0,2,'useradd -G project -s test bcd','',0,6,'useradd -g project -G test bcd','',1,5,'useradd -P project -S test bcd','',0,4,'','',0,0,'','',0,0,'',100,1,5,12,'',2,'','','','','',''),(102,'3','how would you print your path',NULL,NULL,NULL,NULL,'path -p',NULL,0,0,'uname -p',NULL,0,1,'cat /etc/path',NULL,0,0,'echo $PATH',NULL,1,8,NULL,NULL,0,0,NULL,NULL,0,0,NULL,100,1,8,1,NULL,1,NULL,NULL,NULL,NULL,NULL,NULL),(184,'5','The information technology (IT) department recently installed Software Update Services (SUS) to manage security updates. The server that runs SUS is configured to synchronize automatically every day at7:00 A.M. New critical updates were released today at 9:00 A.M.You need to manually update the SUS server. What action should you take?',NULL,NULL,NULL,NULL,'Log on to the SUS server. Download the new security updates from Windows Update.',NULL,0,0,'Download the new security updates from Windows Update to your local computer. Copy and paste the updates on the SUS server.',NULL,0,1,'On the SUS home page, synchronize the server.',NULL,1,1,'Log on to the SUS server. Run Wupdmgr.exe by using the appropriate command to manually synchronize the server.',NULL,0,4,NULL,NULL,0,0,NULL,NULL,0,0,NULL,100,1,1,5,NULL,1,NULL,NULL,NULL,NULL,NULL,NULL),(183,'5','The client computers do not have any service packs installed. You install and configure Software Update Services (SUS) on a server named Test4. All client computers must download security updates from Test4. You need to prepare the client computers so they can connect to Test4 to download Windows security updates. What should you do?',NULL,NULL,NULL,NULL,'Create a logon script that connects to the Windows Update Catalog Web site, scans for available security updates, and downloads security updates to the client computes,',NULL,0,0,'Install the automatic Updates client on all client computers. Configure the client computers to use Automatic Updates to connect to TestKing4.',NULL,1,1,'Create a new Group Policy object (GPO) and link it to the clients OU. Configure the GPO to create a software package that assigns security updates from TestKing4 to the client computers.',NULL,0,1,'Add http://TestKing4 as the value for WUSttusServer registry entries on all client computers.',NULL,0,1,NULL,NULL,0,0,NULL,NULL,0,0,NULL,100,1,1,2,NULL,1,NULL,NULL,NULL,NULL,NULL,NULL),(182,'5','Software Update Services (SUS) is installed on a server named Test1. The network security administrator wants you to ensure that the administrative password is not compromised when an administrator connects to Test1\'s SUSAdmin Web site remotely by using HTTP. You want only SSL to be used to connect to the SUSAdmin Web site. The network security administrator creates a digital certificate and enables communication for SSL on port 443 of Test1. However, administrators are still able to connect to the SUSAdmin Web site by using HTTP. You need to ensure that communication to the SUSAdmin Web site is always secure. What should you do?',NULL,NULL,NULL,NULL,'Disable port 80 on the SUSAdmin Web site.',NULL,0,4,'Require 128-Bit SSL on all directories related to the SUSAdmin Web site.',NULL,0,2,'Change the default Web site to require 128-Bit SSL.',NULL,1,1,'Enable IPSec on Testking2 with the Request Security IPsec template.',NULL,0,0,NULL,NULL,0,0,NULL,NULL,0,0,NULL,100,1,1,7,NULL,1,NULL,NULL,NULL,NULL,NULL,NULL),(181,'5','You install Terminal Services on TestA server. You add users from the support department to the Power Users group and to the Remote Desktop Users group on TestA.You notice that TestA is periodically unavailable. You open Event Viewer on TestA and discover that the server was restarted accidentally by users in the  support department. You need to ensure that users in the support department can establish a Terminal Services session and can manage local user accounts on TestA. However, they should not have the ability to restart TestA. Which action or actions should you perform? ',NULL,NULL,NULL,NULL,'Remove the TestKing Support department user accounts from the Power Users group.',NULL,0,3,'Remove the TestKing Support department user accounts from the Remote Desktop Users group.',NULL,0,1,'Remove the Power Users group from the Shut down the system user right.',NULL,1,5,'Add the Power Users group to the Deny log on locally user right.',NULL,0,0,NULL,NULL,0,0,NULL,NULL,0,0,NULL,100,1,5,4,NULL,1,NULL,NULL,NULL,NULL,NULL,NULL),(180,'5','You install Terminal Server on three member servers named Test1, Test2, and Test3. You add a domain group named HR to the Remote Desktop Users group on all three terminal servers. One week later, you discover that files on Test1 and Test2 were deleted by a user named Tess,who is a member of the HR group. You need to prevent Tess from connecting to any of the terminal servers. What should you do?',NULL,NULL,NULL,NULL,'On all three terminal servers, modify the RDP-Tcp connection permissions to assign the Deny - UsersAccess and the Deny - Guest Access permissions to the HR group.',NULL,0,1,'On all three terminal servers, modify the RDP-Tcp connection permissions to assign the Allow - GuestAccess permission to Tess\'s user account.',NULL,0,1,'In the properties of Tess\'s user account, disable the Allow logon to a terminal server option.',NULL,1,2,'In the properties of Tess\'s user account, enable the End session option.',NULL,0,0,NULL,NULL,0,0,NULL,NULL,0,0,NULL,100,1,2,2,NULL,1,NULL,NULL,NULL,NULL,NULL,NULL),(179,'5','Your network includes a shared folder named Test on one of your XP clients. Your boss  reports that he is often unable to access this folder. You discover that the problem occurs whenever more than 10 users try to connect to the folder. You need to ensure that all appropriate users can access Test. What should you do?',NULL,NULL,NULL,NULL,'Decrease the default user quota limit.',NULL,0,1,'Raise the functional level of the domain to Windows Server 2003.',NULL,0,4,'Purchase additional client access licenses.',NULL,0,0,'Move TestKingInfo to one of the servers.',NULL,1,1,NULL,NULL,0,0,NULL,NULL,0,0,NULL,100,1,1,5,NULL,1,NULL,NULL,NULL,NULL,NULL,NULL),(178,'5','Users in the accounting department require a shared folder for their own use only. The accounting users must be able to read, edit, and delete files in the shared folder. You create the shared folder and use default share permissions. You assign the Allow - Full Control NTFS permission to members of the Administrators group. You assign the Allow - Modify NTFS permission to the accounting users. However, accounting users report that they cannot access the shared folder. How should you solve this problem?',NULL,NULL,NULL,NULL,'Change the type of setting on the folder to Documents (for any file types).',NULL,0,0,'Change the NTFS permissions on the folder to assign the Allow - Delete Sub-Folders and Files permission tothe accounting users.',NULL,0,1,'Add the accounting users as owners of the folder.',NULL,0,1,'Change the share permissions to assign the Allow - Full Control permission to the accounting users.',NULL,1,3,NULL,NULL,0,0,NULL,NULL,0,0,NULL,100,1,3,2,NULL,1,NULL,NULL,NULL,NULL,NULL,NULL),(177,'5','A server named Test contains a folder that is shared as ManagerData$. A global group named AllManagers has permission to access the shared folder. A user reports that he needs access to the ManagerData$ shared folder. You add his user account to theAllManagers global group. When the user attempts to connect to the shared folder by typing \\TestManagerData$ , he receives the following error message:  \\TestManagerData$ is not accessible. You might not have permissions to use the network resource. Contact the administrator of this server to find out if you have access permissions. Access is denied. You need to ensure that the user can access the ManagerData$ shared folder on Test. What should you do?',NULL,NULL,NULL,NULL,'Instruct the user to type \\Testking32ManagerData when he attempts to access the folder.',NULL,0,1,'Add the Anonymous Logon group to the ACL for the ManagerData$ shared folder.',NULL,0,3,'Select the Replace permission entries on all child object with entries shown here that apply to child objects check box.',NULL,0,1,'Instruct the user to log off and log on again before he accesses the folder.',NULL,1,4,NULL,NULL,0,0,NULL,NULL,0,0,NULL,100,1,4,5,NULL,1,NULL,NULL,NULL,NULL,NULL,NULL),(175,'5','You need to ensure that all users are authenticated by a domain controller when they log on.How should you modify the local security policy?',NULL,NULL,NULL,NULL,'Require authentication by a domain controller to unlock the client computer.',NULL,0,4,'Cache zero interactive logons.',NULL,1,1,'Cache 50 interactive logons.',NULL,0,1,'Grant the Log on locally user right to the Users group.',NULL,0,1,NULL,NULL,0,0,NULL,NULL,0,0,NULL,100,1,1,6,NULL,1,NULL,NULL,NULL,NULL,NULL,NULL),(176,'5','You create a shared folder named Client Docs on a member server named Test1. Client Docs will store project documents. You configure shadow copies for the volume containing Client Docs.  You need to enable client computers to access previous version of the documents in Client Docs. What should you do?',NULL,NULL,NULL,NULL,'Create a Group Policy object (GPO) to enable Offline Files on all client computers.',NULL,0,0,'On each client computer, customize the view for Client Docs to use the Documents (for any file type) foldertemplate.',NULL,0,0,'On each client computer, install the Backup utility and schedule a daily backup.',NULL,0,1,'Create a Group Policy object (GPO) that installs the Previous Versions client software on all client computers.',NULL,1,3,NULL,NULL,0,0,NULL,NULL,0,0,NULL,100,1,3,1,NULL,1,NULL,NULL,NULL,NULL,NULL,NULL),(174,'5','Your company\'s written security policy states that if a user attempts to log on by using an incorrect password three times in 30 minutes, the account is locked out. An administrator must unlock the account. You discover that users of the  server who have accounts that are locked out can log on again after 30 minutes. You need to ensure that the new server meets the requirements of the written security policy. What should you do?',NULL,NULL,NULL,NULL,'Set the Reset account lockout counter after policy to 1.',NULL,0,1,'Set the Reset account lockout counter after policy to 99999.',NULL,0,0,'Set the Account lockout duration policy to 0.',NULL,1,3,'Set the Account lockout duration policy to 99999.',NULL,0,0,NULL,NULL,0,0,NULL,NULL,0,0,NULL,100,1,3,1,NULL,1,NULL,NULL,NULL,NULL,NULL,NULL),(173,'5','A user name Marie is a member of only the Domain Users security group. She reports that the hardware on her computer fails. She receives a new computer. You need to add Marie\'s new computer to the domain. You need to comply with the finance department naming process. What should you do?',NULL,NULL,NULL,NULL,'Instruct Marie to run the ipconfig /flushdns command on her new computer and to add the new computer to the domain by using the same computer name as her failed computer.',NULL,0,0,'Assign Marie permissions for adding computer accounts to the default container named Computers. Instruct Marie to add her new computer to the domain.',NULL,0,0,'Reset the computer account for Marie\'s failed computer. Instruct Marie to add her new computer to the domain by using the same name as her failed computer.',NULL,1,5,'Configure the IP address of Marie\'s new computer to be the same as the failed computer. Instruct Marie to add the new computer to the domain.',NULL,0,2,NULL,NULL,0,0,NULL,NULL,0,0,NULL,100,1,5,2,NULL,1,NULL,NULL,NULL,NULL,NULL,NULL),(172,'5','The Default Domain Policy GPO is configured to prompt users to change their password 14 days before it expires. A user who returns from a two-week vacation reportes that she cannot log on to the domain. You discover that when she last logged on, she was prompted to change her password. She reports that she did not change her password before leaving on vacation. You need to ensure that the user can log on to the domain. What should you do?',NULL,NULL,NULL,NULL,'Enable the user account.',NULL,0,2,'Reset the password for the user account.',NULL,1,4,'Use Active Directory Users and Computers to select the Password never expires option.',NULL,0,0,'Configure the Prompt user to change password before expiration security policy option to 21 days.',NULL,0,0,NULL,NULL,0,0,NULL,NULL,0,0,NULL,100,1,4,2,NULL,1,NULL,NULL,NULL,NULL,NULL,NULL),(171,'5','Your company acquires a subsidiary. You receive a comma delimited file that contains the names of all user accounts at the subsidiary.You need to import these accounts into your domain. Which command should you use?',NULL,NULL,NULL,NULL,'ldifde',NULL,0,1,'csvde',NULL,1,5,'ntdsutilwith the authoritative restore option',NULL,0,0,'dsadd user',NULL,0,1,NULL,NULL,0,0,NULL,NULL,0,0,NULL,100,1,5,2,NULL,1,NULL,NULL,NULL,NULL,NULL,NULL),(170,'5','A user named King will leave your organization in one week. A replacement will be hired in one month.  The replacement will need the same access to network resources that King currently has. The replacement will also need ownership of all files that currently reside in King\'s home folder. You need to minimize the administrative effort that will be required when the replacement is hired. Youalso need to ensure that no one can use King\'s user account to log on to the domain until the replacement is hired. What should you do?',NULL,NULL,NULL,NULL,'Move King\'s user account to the LostAndFound organizational unit (OU).',NULL,0,2,'Disable King\'s user account.',NULL,1,0,'Configure King\'s user account to require a change in password at next logon.',NULL,0,2,'Delete King\'s user account.',NULL,0,0,NULL,NULL,0,0,NULL,NULL,0,0,NULL,100,1,0,4,NULL,1,NULL,NULL,NULL,NULL,NULL,NULL),(169,'5','Your network consists of a single Active Directory domain named Cybage.com. All network servers run Windows Server 2003, and all client computers run Windows XP Professional. All user accounts in the Sales department are located in the Sales organizational unit (OU). You suspect that one or more user accounts in the OU have compromised passwords. You need to force all users in the Sales department to reset their passwords. What should you do?',NULL,NULL,NULL,NULL,'Select all user accounts in the Sales OU. Disable the accounts and re-enable them.',NULL,0,0,'Select all user accounts in the Sales OU. Modify the account properties to force all passwords to be changed on next logon.',NULL,1,6,'Create a Group Policy object (GPO) and link it to the Sales OU. Modify the password policy to set the maximum password age to 0.',NULL,0,3,'Create as Group Policy object (GPO) and link it to the domain. Modify the password policy to set the maximum password age to 0.',NULL,0,0,NULL,NULL,0,0,NULL,NULL,0,0,NULL,100,1,6,3,NULL,1,NULL,NULL,NULL,NULL,NULL,NULL),(168,'5','A new administrator named Sandra is hired to assist you in deploying Windows XP Professional to 100 new computers. Sandra installs the operating system on a new computer named SandraXP. However, when Sandra tries to log on to the domain from SandraXP, she is unsuccessful. The logon box does now allow her to view and select the domain name. You need to ensure that Sandra can log on to the domain from SandraXP.What should you do?',NULL,NULL,NULL,NULL,'Enable the computer account for Testking11.',NULL,0,3,'Configure TestKing11 as a member of the domain.',NULL,1,2,'Add Sandra\'s user account to the Enterprise Admins group.',NULL,0,1,'Add Sandra\'s user account to the Server Operators group.',NULL,0,2,NULL,NULL,0,0,NULL,NULL,0,0,NULL,100,1,2,6,NULL,1,NULL,NULL,NULL,NULL,NULL,NULL),(167,'5','You create an organizational unit (OU) named Engineering, which will hold all objects associated with the users and computers in the engineering department. You also create a global group named Engineering Admins, whose members will administer these objects.Now you need to assign the appropriate permissions to the Engineering Admins group so its members can administer the objects in the Engineering OU. First, you use Active Directory Users and Computers to view the properties of the Engineering OU. However, the Security tab is not available. What should you do next ?',NULL,NULL,NULL,NULL,'Convert the system partition to NTFS.',NULL,0,0,'Enable the Advanced Features option in the View menu of Active Directory Users and Computers.',NULL,1,5,'Enable the Users, Groups, and Computers as Containers option in the View menu of Active Directory Usersand Computers.',NULL,0,0,'Log on by using a user account that has Administrator permissions for the Engineering OU.',NULL,0,3,NULL,NULL,0,0,NULL,NULL,0,0,NULL,100,1,5,3,NULL,1,NULL,NULL,NULL,NULL,NULL,NULL),(166,'5','You are the network administrator for ABC.com. The network consists of a single Active Directory domain in its own forest. All network servers run Windows Server 2003. ABC.com merges with XYZ.com, which also has a single Active Directory domain in its own forest. Across-forest trust from ABC.com to XYZ.com is created. You need to ensure that all users have access to personal payroll tools located in the ABC.com domain. The built-in users group for ABC.com has the appropriate permissions on the payroll tools. What should you do?','','','','','Create a new universal group in the XYZ.com domain. Add all XYZ.com users to the group. Place the new group in the built-in Users group for XYZ.com.','',0,1,'Create a new universal group in the ABC.com domain. Add all ABC.com users to the group. Place the new group in the built-in Users group for ABC.com.','',0,0,'Create a new universal group in the XYZ.com domain. Add all XYZ.com users to the group. Place the new group in the built-in Users group for ABC.com.','',1,7,'Create a new universal group in the ABC.com domain. Add all ABC.com users to the group. Place the new group in the built-in Users group for XYZ.com.','',0,1,'','',0,0,'','',0,0,'',100,1,7,2,'',2,'','','','','',''),(163,'5','You install a new modem on Server A to allow an application to dial out to your pager. You install the driver. When you test the modem, it does not dial out successfully. You install an identical hardware and driver configuration on Server B, and the modem dials out successfully. How will you find out if the modem card on Server A is defective ?',NULL,NULL,NULL,NULL,'In Device Manager, right-click the modem, and then click Scan for hardware changes.',NULL,0,5,'In Modem Properties, click the Modem tab, and then set the maximum port speed to the same value as the value for the maximum port speed on Server B.',NULL,0,0,'In Modem Properties, click the Diagnostics tab, and then click the Query Modem button.',NULL,1,2,'In Device Manager, right-click Ports, and then click Scan for hardware changes.',NULL,0,1,NULL,NULL,0,0,NULL,NULL,0,0,NULL,100,1,2,6,NULL,1,NULL,NULL,NULL,NULL,NULL,NULL),(164,'5','Your company network consists of a single Active Directory domain named Cybage.com. The functional level of the domain is Windows 2000 Native. The network contains 20 member servers running Windows 2000 and 5 domain controllers running Windows Server 2003. The user accounts for employees in the Finance department are members of a global distribution group named Finance_Users. You create a shared folder named Finance_Docs on a Windows 2000 member server. You need to enable the Finance users to access the Finance_Docs folder. What should you do?',NULL,NULL,NULL,NULL,'Change Finance_Users to a security group.',NULL,1,2,'Change the scope of Finance_Users to Universal.',NULL,0,4,'Change the scope of Finance_Users to Domain Local.',NULL,0,0,'Raise the domain functional level to Windows Server 2003.',NULL,0,4,NULL,NULL,0,0,NULL,NULL,0,0,NULL,100,1,2,8,NULL,1,NULL,NULL,NULL,NULL,NULL,NULL),(165,'5','Your network consists of a single Active Directory domain named Cybage.com. A user named Mr. X works in the information technology (IT) security department. Mr. X is a member of the ITSecurity global group. Mr. X reports that no one in the ITSecurity global group can access the security log from the console of a computer named Cybage1. You need to grant the ITSecurity global group the minimum rights necessary to view the security log on Cybage1. How should you modify the local security policy?',NULL,NULL,NULL,NULL,'Assign the Generate security audits user right to the ITSecurity global group.',NULL,0,0,'Assign the Manage auditing and security logs user right to the ITSecurity global group.',NULL,1,5,'Assign the Allow logon through Terminal Services user right to the ITSecurity global group.',NULL,0,1,'Assign the Act as part of the operating system user right to the ITSecurity global group.',NULL,0,0,NULL,NULL,0,0,NULL,NULL,0,0,NULL,100,1,5,1,NULL,1,NULL,NULL,NULL,NULL,NULL,NULL),(162,'5','In your domain you place computer accounts for servers in OUs that are organized by server roles. You apply GPOs to these servers at the OU level. You need to add a new server to the domain. You need to ensure that the appropriate GPOs are applied to this server. What should you do ?',NULL,NULL,NULL,NULL,'Prestage a domain computer account for the new server in the appropriate OU. Join the server to the domain by using the prestaged computer account.',NULL,1,1,'On the server, add the domain name for the Active Directory domain to the DNS suffix setting. Join the server to the domain.',NULL,0,2,'Assign a user account the Allow - Create permission for the appropriate OU. Join the new server to the domain by using the user account.',NULL,0,1,'Join the new server to the Active Directory domain. On the new server, run the gpupdate /force command.',NULL,0,2,NULL,NULL,0,0,NULL,NULL,0,0,NULL,100,1,1,5,NULL,1,NULL,NULL,NULL,NULL,NULL,NULL),(161,'5','There is a driver conflict on your windows 2003 server. You suspect that an unsigned driver has been installed for one of the hardware devices. How would you locate any unsigned drivers ?',NULL,NULL,NULL,NULL,'Run drivequery /si command and examine the output.',NULL,0,2,'Use the advanced options of the file signature verification tool to scan the contents of systemrootsystem 32 folder and subfolders',NULL,1,1,'Use the advanced options of the file signature verification tool to scan the contents of Systemrootsystem 32 folder and subfolders.',NULL,0,1,'run ver command',NULL,0,1,NULL,NULL,0,0,NULL,NULL,0,0,NULL,100,1,1,4,NULL,1,NULL,NULL,NULL,NULL,NULL,NULL),(160,'5','You need to configure your windows 2003 as streaming media server for your content team. The content team wants the server to provide the fastest performance and most available space possible. Redundancy is not important. The server currently has 3 identical unpartitioned hard disk. What would you do to meet the requirements.',NULL,NULL,NULL,NULL,'Create a simple volume on a disck and then expand it to the other two disks.',NULL,0,1,'Create a mirrored volume for two of the disks',NULL,0,0,'Create a stripped volume that uses all the three disks',NULL,1,3,'Create a RAID-5 that uses all the three disks.',NULL,0,4,NULL,NULL,0,0,NULL,NULL,0,0,NULL,100,1,3,5,NULL,1,NULL,NULL,NULL,NULL,NULL,NULL),(159,'5','New users have been given access to your windows 2003 file server. Now users report that server is responding much slower than it did before the additional users were added. You suspect that the disk subsystem needs to be upgraded to accommodate additional user load. How would you confirm this ?',NULL,NULL,NULL,NULL,'Configure a performance logs & alerts on the %free space counter.',NULL,0,1,'Use device manager to populate volume settings and examine the properties of the disk drives on the server.',NULL,0,1,'Use event viewer to examine system logs and search the system logs for event logs for events generated by the disk event source.',NULL,0,3,'Use system monitors to monitor counters based on the PhysicalDisk object.',NULL,1,0,NULL,NULL,0,0,NULL,NULL,0,0,NULL,100,1,0,5,NULL,1,NULL,NULL,NULL,NULL,NULL,NULL),(158,'5','The hardware vendor of one your Windows 2003 server notifies you about a critical hotfix for all models of the server that has a certain network interface card. You need to find out if the network interface card which requires the hotfix is installed on your server.',NULL,NULL,NULL,NULL,'Check the hardware compatibility list for your server',NULL,0,2,'Open the component services snap-in, expand computers, expand My computer and then examine the list.',NULL,0,0,'Run the netsh interface command and then examine the list',NULL,0,2,'Open device manager, expand Network adapters and then examine the list.',NULL,1,6,NULL,NULL,0,0,NULL,NULL,0,0,NULL,100,1,6,4,NULL,1,NULL,NULL,NULL,NULL,NULL,NULL),(157,'5','One of your business critical server has rebooted unexpectedly during business hours. The event log indicates a problem with the SCSI CD-ROM. You need to ensure that the server remains continously available during the business hours. What will you do?',NULL,NULL,NULL,NULL,'Use device manager to diable the SCSI CD-ROM',NULL,1,4,'Create and implement a new hardware profile to exclude the SCSI CD-ROM.',NULL,0,1,'Use device manager to update the driver for the SCSI CD-ROM',NULL,0,2,'Use device manager to update the driver for SCSI controller',NULL,0,1,NULL,NULL,0,0,NULL,NULL,0,0,NULL,100,1,4,4,NULL,1,NULL,NULL,NULL,NULL,NULL,NULL),(154,'5','You are running out of disk space on one of your NTFS data partitions on which resides a huge data base file. You have installed an additional hard disk on the server with sufficient un allocated space. How will you correct the problem with least administrative efforts.',NULL,NULL,NULL,NULL,'Use disk Management to extend the data volume',NULL,1,3,'Create a new partition on new hard disk and copy the database file on to it.',NULL,0,2,'Run fsutil volume command on the data volume',NULL,0,0,'In disk management select the data volume, on the volumes tab click populate button.',NULL,0,1,NULL,NULL,0,0,NULL,NULL,0,0,NULL,100,1,3,3,NULL,1,NULL,NULL,NULL,NULL,NULL,NULL),(155,'5','You have a server with a single hard disk which is configured so that it has four primary partitions, which are formatted as FAT32. The disk also has unallocated space available. You need to use the unallocated space to store user data, what will you do?',NULL,NULL,NULL,NULL,'Convert all existing partitions to NTFS',NULL,0,1,'Using diskpart.exe, run the create command.',NULL,0,3,'Convert the disk to dynamic disk and create a new volume.',NULL,1,3,'Using diskpart.exe, run the extend command.',NULL,0,3,NULL,NULL,0,0,NULL,NULL,0,0,NULL,100,1,3,7,NULL,1,NULL,NULL,NULL,NULL,NULL,NULL),(156,'5','The data volume on your server is mirrored, each physical disk is on a separate controller. One of the disk which contains the data volume fails and you discover that the failure was caused by a faulty SCSI controller. You replace the faulty SCSI controller and need to restore the volume to its previous state with minimum administrative efforts. What will you do ?',NULL,NULL,NULL,NULL,'Run the diskpart active command on the failed volume',NULL,0,1,'convert both disks to basic and then restore the data',NULL,0,2,'Break the mirror and then re-create the mirror.',NULL,0,1,'Select a disk in the mirror and then re-create the volume.',NULL,1,3,NULL,NULL,0,0,NULL,NULL,0,0,NULL,100,1,3,4,NULL,1,NULL,NULL,NULL,NULL,NULL,NULL),(186,'5','Your network contains a Web server that runs IIS 6.0 and hosts a secure intranet site. All users are required to connect to the intranet site by authenticating and using HTTPS. However, because an automated Web application must connect to the Web site by using HTTP, you cannot configure the intranet site to require HTTPS. You need to collect information about which users are connecting to the Web site by using HTTPS. What should you do?',NULL,NULL,NULL,NULL,'Check the application log on the Web server.',NULL,0,1,'Use Network Monitor to capture network traffic on the Web server.',NULL,0,0,'Review the log files created by IIS on the Web server.',NULL,1,4,'Configure a performance log to capture all Web service counters. Review the performance log data.',NULL,0,0,NULL,NULL,0,0,NULL,NULL,0,0,NULL,100,1,4,1,NULL,1,NULL,NULL,NULL,NULL,NULL,NULL),(187,'5','You need to back up each domain controller. Your backup process must fulfil the following requirements: System recovery must be possible in the event of server failure. The system configuration and all current dynamic disk configurations must be backed up. Other data partitions do not need to be backed up. What should you do?',NULL,NULL,NULL,NULL,'Use the Backup utility to back up the system files and to create an Automated System Recovery (ASR) disk.',NULL,1,2,'Use the Backup utility to back up the contents of all mounted drives.',NULL,0,0,'Use the Backup utility to back up only the System State data.',NULL,0,3,'Use the Copy command to copy C:windows and its subfolders to a shared folder on the network.',NULL,0,0,NULL,NULL,0,0,NULL,NULL,0,0,NULL,100,1,2,3,NULL,1,NULL,NULL,NULL,NULL,NULL,NULL),(188,'5','You need to use the Backup utility to back up all data on your Windows 2003 Server three times per day. Files that are currently opened by applications must not be backed up. What should you do?',NULL,NULL,NULL,NULL,'Run a differential backup.',NULL,0,5,'Disable volume shadow copies.',NULL,1,0,'Select the Exclude Files option.',NULL,0,3,'Select the Compute selection information before backup and restore operations option.',NULL,0,1,NULL,NULL,0,0,NULL,NULL,0,0,NULL,100,1,0,9,NULL,1,NULL,NULL,NULL,NULL,NULL,NULL),(189,'5','Windows Server 2003 computer is configured as a print server for a print device that has a built-in network interface. Users of the print device report that they cannot print to it. You confirm that the correct IP address and drivers are being used. You suspect that there is a problem with the MAC to IP address resolution on the print server. You want to find out which MAC address the print jobs are being sent to. Which command should you run on the print server?',NULL,NULL,NULL,NULL,'net session',NULL,0,1,'netstat.exe',NULL,0,7,'netsh.exe',NULL,0,1,'netcap.exe',NULL,1,0,NULL,NULL,0,0,NULL,NULL,0,0,NULL,100,1,0,9,NULL,1,NULL,NULL,NULL,NULL,NULL,NULL),(190,'5','Your network consists of a single Active Directory domain named Cybage.com and a single subnet. All servers run Windows Server 2003. The network contains 150 client computers and 16 servers. All computers on the network use the 10.10.0.0/16 address scheme. Your manager, instructs you to place the 16 servers into a separate subnet that uses the 192.168.10 public addressing scheme. You must plan for a maximum of 30 servers in the future. You need to configure a new subnet mask. The subnet mask must allow a sufficient number of IP addresses for the existing servers and future growth. However, you want to conserve addresses as much as possible.','','','','','255.255.255.224','',1,7,'255.255.255.240','',0,0,'255.255.255.248','',0,3,'255.255.255.252','',0,0,'','',0,0,'','',0,0,'',100,1,7,3,'',3,'','','','','',''),(191,'5','You are the network administrator for TestKing.com. The network consists of a single Active Directory domain testking.com. The domain contains Windows Server 2003 computers, Windows XP Professional computers, and Windows 2000 Professional computers. An IPSec policy is assigned to a server named TestKingA. By using the IP Security Monitor console on TestKingA, you verify the IPSec communication connections, and you notice that all computers that have established security associations (SAs) with TestKingA are displayed by their IP addresses. You want computers that have established SAs with TestKingA to be displayed in IP Security Monitor by a fully qualified domain name (FQDN). What should you do on TestKingA?',NULL,NULL,NULL,NULL,'In the assigned policy, add a new rule that filters all TCP and UDP traffic on port 53. Configure the filter action to permit unsecured IP packets to pass through.',NULL,0,0,'Open the IP Security Monitor console and configure the properties of TestKingA to enable the Enable DNS name resolution option.',NULL,1,2,'From a command prompt, run the netsh ipsec static show all command.',NULL,0,1,'From a command prompt, run the netsh ipsec dynamic show all command.',NULL,0,1,NULL,NULL,0,0,NULL,NULL,0,0,NULL,100,1,2,2,NULL,1,NULL,NULL,NULL,NULL,NULL,NULL),(192,'5','Your network consists of a single Active Directory domain named Cybage.com. All servers run Windows Server 2003. Client computers run either Windows XP Professional or Windows 2000 Professional. The network includes a single DNS server. The DNS server hosts the Cybage.com zone. You are deploying an intranet site that will be accessed by all company users. The site will be heavily utilized. You deploy three Web servers named Web1, Web2, and Web3 to host the site. All users must be able to access the intranet site by using intranet.Cybage.com as the address. You need to ensure that the three Web servers are equally utilized. Which two actions should you perform? (Each correct answer presents part of the solution. Choose two)',NULL,NULL,NULL,NULL,'Create a host (A) resource record named intranet.testking.com.',NULL,0,1,'Configure a host (A) resource record for each of the three Web servers.',NULL,1,5,'Create an alias (CNAME) resource record for each of the three Web servers. Configure each record to refer to testking.com.',NULL,0,2,'Configure three alias (CNAME) resource records for intranet.testking.com. Configure each record to refer to one of the Web server host (A) resource records.',NULL,1,4,NULL,NULL,0,0,NULL,NULL,0,0,NULL,100,1,4,2,NULL,1,NULL,NULL,NULL,NULL,NULL,NULL);
/*!40000 ALTER TABLE `Questions` ENABLE KEYS */;
UNLOCK TABLES;

--
-- Table structure for table `ReportTemplates`
--

DROP TABLE IF EXISTS `ReportTemplates`;
/*!40101 SET @saved_cs_client     = @@character_set_client */;
/*!40101 SET character_set_client = utf8 */;
CREATE TABLE `ReportTemplates` (
  `ID` int(11) NOT NULL AUTO_INCREMENT,
  `Name` varchar(255) NOT NULL DEFAULT '',
  `Description` text NOT NULL,
  `Text` text NOT NULL,
  PRIMARY KEY (`ID`)
) ENGINE=MyISAM AUTO_INCREMENT=2 DEFAULT CHARSET=latin1;
/*!40101 SET character_set_client = @saved_cs_client */;

--
-- Dumping data for table `ReportTemplates`
--

LOCK TABLES `ReportTemplates` WRITE;
/*!40000 ALTER TABLE `ReportTemplates` DISABLE KEYS */;
INSERT INTO `ReportTemplates` VALUES (1,'[Default]','Default Template','<span style=\"font-family: arial;\">Results for %FIRST_NAME% %LAST_NAME%</span><br style=\"font-family: arial;\">\r\n<br style=\"font-family: arial;\"><span style=\"font-family: arial;\">\r\nTest: %TEST_NAME%</span><br style=\"font-family: arial;\"><span style=\"font-family: arial;\">\r\nDate: %TEST_DATE%</span><br style=\"font-family: arial;\">\r\n<br style=\"font-family: arial;\"><span style=\"font-family: arial;\">\r\nTotal Correct: %NUMBER_CORRECT%</span><br style=\"font-family: arial;\"><span style=\"font-family: arial;\">\r\nTotal Possible: %NUMBER_POSSIBLE%</span><br style=\"font-family: arial;\"><span style=\"font-family: arial;\">\r\nScore:  %PERCENTAGE%</span><br style=\"font-family: arial;\">\r\n<br style=\"font-family: arial;\"><span style=\"font-family: arial;\">\r\nYou have %PASSFAIL% this test.</span><br>\r\n');
/*!40000 ALTER TABLE `ReportTemplates` ENABLE KEYS */;
UNLOCK TABLES;

--
-- Table structure for table `Results`
--

DROP TABLE IF EXISTS `Results`;
/*!40101 SET @saved_cs_client     = @@character_set_client */;
/*!40101 SET character_set_client = utf8 */;
CREATE TABLE `Results` (
  `ID` int(11) NOT NULL AUTO_INCREMENT,
  `LastName` varchar(255) DEFAULT NULL,
  `FirstName` varchar(255) DEFAULT NULL,
  `Notes` varchar(255) DEFAULT NULL,
  `TestID` varchar(255) DEFAULT NULL,
  `TestName` varchar(255) DEFAULT NULL,
  `NumCorrect` int(11) DEFAULT '0',
  `NumPossible` int(11) DEFAULT '0',
  `Score` int(11) DEFAULT '0',
  `Pass` tinyint(4) DEFAULT '0',
  `IPAddress` varchar(50) DEFAULT NULL,
  `StartTime` varchar(50) DEFAULT NULL,
  `EndTime` varchar(50) DEFAULT NULL,
  `TotalTime` varchar(50) DEFAULT NULL,
  PRIMARY KEY (`ID`),
  KEY `NumCorrect` (`NumCorrect`),
  KEY `NumPossible` (`NumPossible`),
  KEY `TestID` (`TestID`)
) ENGINE=MyISAM AUTO_INCREMENT=82 DEFAULT CHARSET=latin1;
/*!40101 SET character_set_client = @saved_cs_client */;

--
-- Dumping data for table `Results`
--

LOCK TABLES `Results` WRITE;
/*!40000 ALTER TABLE `Results` DISABLE KEYS */;
INSERT INTO `Results` VALUES (65,'','Anand Deshpande','9373','5','KE_Windows Test',11,20,55,0,'121.242.40.70','1321273301','1321274305','16m44s'),(66,'','Aasif Shaikh','6853','5','KE_Windows Test',9,20,45,0,'121.242.40.15','1321274139','1321275342','20m3s'),(64,'','Sachin Sangare','6039','5','KE_Windows Test',13,20,65,1,'121.242.40.70','1321273160','1321274299','18m59s'),(63,'','Zoheb Shaikh','9391','5','KE_Windows Test',9,20,45,0,'121.242.40.70','1321273045','1321274109','17m44s'),(21,'','Swapnil Tapadia','8853','3','KE_Linux Test',19,25,76,1,'121.242.40.15','1320137355','1320138049','11m34s'),(22,'','Beedriti Pandit','8103','3','KE_Linux Test',7,25,28,1,'121.242.40.10','1320137823','1320138355','8m52s'),(23,'','Nitin Bhawar','7296','3','KE_Linux Test',15,25,60,1,'121.242.40.15','1320138778','1320139403','10m25s'),(24,'','Anjay Prasad','6952','3','KE_Linux Test',13,25,52,1,'121.242.40.10','1320139198','1320140016','13m38s'),(25,'','Tagore Bandlamudi','4113','3','KE_Linux Test',10,25,40,1,'121.242.40.10','1320140090','1320140609','8m39s'),(26,'','VirajVinayak Joshi','8881','3','KE_Linux Test',14,25,56,1,'121.242.40.15','1320168935','1320169808','14m33s'),(29,'','Rameshwar Karad','7095','3','KE_Linux Test',17,25,68,1,'121.242.40.10','1320224150','1320224875','12m5s'),(28,'','Abhijit Durgawale','8143','3','KE_Linux Test',14,25,56,1,'121.242.40.10','1320216790','1320217690','15m0s'),(30,'','Ganesh Pore','8215','3','KE_Linux Test',22,25,88,1,'121.242.40.15','1320225029','1320225608','9m39s'),(31,'','Deepanand Suryawanshi','6896','3','KE_Linux Test',17,25,68,1,'121.242.40.10','1320226923','1320227568','10m45s'),(32,'','Mukesh Sulkar','8840','3','KE_Linux Test',21,25,84,1,'121.242.40.15','1320231807','1320232546','12m19s'),(33,'','Harshal Yadwadkar','7595','3','KE_Linux Test',22,25,88,1,'121.242.40.10','1320234448','1320235158','11m50s'),(34,'','Pravin Deshpande','8150','3','KE_Linux Test',19,25,76,1,'121.242.40.10','1320234898','1320235637','12m19s'),(35,'','Aniket Shinde','8528','3','KE_Linux Test',19,25,76,1,'121.242.40.10','1320235709','1320236523','13m34s'),(36,'','Harshal Joshi','8023','3','KE_Linux Test',15,25,60,1,'121.242.40.10','1320282680','1320283158','7m58s'),(37,'','Ulhas Surse','8927','3','KE_Linux Test',19,25,76,1,'121.242.40.10','1320309686','1320310533','14m7s'),(38,'','Kunal Ghadge','6204','3','KE_Linux Test',18,25,72,1,'121.242.40.15','1320417191','1320418035','14m4s'),(39,'','Hemant Gawande','9389','3','KE_Linux Test',14,25,56,1,'121.242.40.15','1320421324','1320422198','14m34s'),(40,'','Kundan Prasad','8921','3','KE_Linux Test',21,25,84,1,'121.242.40.15','1320424648','1320425529','14m41s'),(41,'','Amarish Shimpankar','6984','3','KE_Linux Test',22,25,88,1,'121.242.40.15','1320425766','1320426610','14m4s'),(42,'','Jinesh PT','8347','3','KE_Linux Test',19,25,76,1,'121.242.40.15','1320462501','1320463203','11m42s'),(43,'','Ashok Dolare','8346','3','KE_Linux Test',16,25,64,1,'121.242.40.15','1320462510','1320463365','14m15s'),(44,'','Ganesh Shelar','4618','3','KE_Linux Test',18,25,72,1,'121.242.40.15','1320663248','1320664152','15m4s'),(67,'','','','','',0,0,0,0,'121.242.40.15','','1321275366','22021256m6s'),(68,'','Manoj Kawade','6363','5','KE_Windows Test',11,20,55,0,'121.242.40.70','1321274818','1321276000','19m42s'),(46,'Berad','Sudhir','7836','3','KE_Linux Test',9,25,36,1,'121.242.40.10','1320668076','1320668978','15m2s'),(47,'Yadav','Prashant','prashanty@cybage.com','5','KE_Windows Test',8,20,40,0,'121.242.40.10','1320674107','1320675278','19m31s'),(48,'Varghese','Sibi','8309','5','KE_Windows Test',11,20,55,0,'121.242.40.10','1320676840','1320677142','5m2s'),(49,'Devangare','Anant','8909','3','KE_Linux Test',19,25,76,1,'121.242.40.15','1320677079','1320677989','15m10s'),(50,'Dhabarde','Aashish','7306','3','KE_Linux Test',23,25,92,1,'121.242.40.15','1320677814','1320678672','14m18s'),(51,'','Akhilesh Kulhade','8979','3','KE_Linux Test',19,25,76,1,'121.242.40.15','1320684944','1320685480','8m56s'),(52,'Pawar','Vijay','7976','3','KE_Linux Test',13,25,52,1,'121.242.40.10','1320685131','1320685856','12m5s'),(53,'Rahate','Sunil','8945','3','KE_Linux Test',19,25,76,1,'121.242.40.15','1320710748','1320711634','14m46s'),(54,'Singh','Sabindra','7319','3','KE_Linux Test',10,25,40,1,'121.242.40.10','1320740277','1320741095','13m38s'),(55,'Maske','Shrikant','5940','3','KE_Linux Test',16,25,64,1,'121.242.40.15','1320742948','1320743674','12m6s'),(56,'Varghese','Sibi','8309','3','KE_Linux Test',21,25,84,1,'121.242.40.10','1320909002','1320909555','9m13s'),(57,'Paranjape','Harshad','8676','5','KE_Windows Test',16,20,80,1,'121.242.40.15','1320913488','1320914267','12m59s'),(58,'','Amit Gupta','9482','3','KE_Linux Test',13,25,52,1,'121.242.40.15','1320919412','1320919943','8m51s'),(59,'Yadav','Prashant','8896','3','KE_Linux Test',20,25,80,1,'121.242.40.10','1320931222','1320932037','13m35s'),(60,'Narang','Tushar','8879','5','KE_Windows Test',12,20,60,1,'121.242.40.15','1320932244','1320933292','17m28s'),(61,'Shaikh','Parvez','8376','5','KE_Windows Test',8,20,40,0,'121.242.40.15','1321010497','1321011702','20m5s'),(62,'Padwalkar','Vinay','8854','5','KE_Windows Test',11,20,55,0,'121.242.40.15','1321263692','1321264652','16m0s'),(69,'','Sushant Nikalje','9345','5','KE_Windows Test',11,20,55,0,'121.242.40.15','1321282325','1321283491','19m26s'),(70,'','Tanmaya Thopate','6550','5','KE_Windows Test',15,20,75,1,'121.242.40.70','1321290322','1321291429','18m27s'),(71,'','Sudhir Devange','8361','5','KE_Windows Test',13,20,65,1,'121.242.40.70','1321290443','1321291607','19m24s'),(72,'','Vijaykumar Pal','7321','5','KE_Windows Test',11,20,55,0,'121.242.40.15','1321292824','1321294027','20m3s'),(73,'','Tanmay Palnitkar','9355','5','KE_Windows Test',12,20,60,1,'121.242.40.15','1321371081','1321371987','15m6s'),(74,'','Bhagyesh Vanasre','7000','3','KE_Linux Test',7,25,28,1,'121.242.40.10','1321419655','1321420650','16m35s'),(75,'','Charudatta Joshi','8292','3','KE_Linux Test',18,25,72,1,'121.242.40.10','1321452176','1321452851','11m15s'),(76,'Kishnani','Rakesh','9029','5','KE_Windows Test',7,20,35,0,'121.242.40.15','1321457226','1321458429','20m3s'),(77,'Shindode','Sudarshan','4917','5','KE_Windows Test',13,20,65,1,'121.242.40.15','1321466008','1321467082','17m54s'),(78,'','Atul Ahirrao','6240','3','KE_Linux Test',19,25,76,1,'121.242.40.10','1321534317','1321534869','9m12s'),(79,'','Rajesh Dubey','6228','5','KE_Windows Test',8,20,40,0,'121.242.40.15','1321895514','1321896720','20m6s'),(80,'','Milind Bhat','8410','5','KE_Windows Test',10,20,50,0,'121.242.40.70','1321896145','1321897008','14m23s'),(81,'Kulkarni','Rahul','4899','5','KE_Windows Test',16,20,80,1,'121.242.40.10','1322128278','1322129480','20m2s');
/*!40000 ALTER TABLE `Results` ENABLE KEYS */;
UNLOCK TABLES;

--
-- Table structure for table `Sessions`
--

DROP TABLE IF EXISTS `Sessions`;
/*!40101 SET @saved_cs_client     = @@character_set_client */;
/*!40101 SET character_set_client = utf8 */;
CREATE TABLE `Sessions` (
  `ID` int(11) NOT NULL AUTO_INCREMENT,
  `IP` varchar(50) DEFAULT NULL,
  `SessionID` int(11) DEFAULT NULL,
  `TestID` int(11) DEFAULT NULL,
  `review` tinyint(4) DEFAULT '0',
  `finished` tinyint(4) DEFAULT '0',
  `takingTest` tinyint(4) DEFAULT '0',
  `currentQuestion` int(11) DEFAULT NULL,
  `questionNumber` int(11) DEFAULT NULL,
  `numQuestions` int(11) DEFAULT NULL,
  `firstQuestion` int(11) DEFAULT NULL,
  `lastQuestion` int(11) DEFAULT NULL,
  `LastName` varchar(255) DEFAULT NULL,
  `FirstName` varchar(255) DEFAULT NULL,
  `Email` varchar(255) NOT NULL DEFAULT '',
  `AltEmail` varchar(255) NOT NULL DEFAULT '',
  `Notes` varchar(255) DEFAULT NULL,
  `StartTime` varchar(50) DEFAULT NULL,
  `MaxTime` varchar(50) DEFAULT NULL,
  `TestName` varchar(255) DEFAULT NULL,
  `TestImage` varchar(255) DEFAULT NULL,
  `Stored` tinyint(4) DEFAULT '0',
  `QuestionOrder` text,
  `AllowQuit` tinyint(1) NOT NULL DEFAULT '0',
  PRIMARY KEY (`ID`),
  KEY `numQuestions` (`numQuestions`),
  KEY `SessionID` (`SessionID`),
  KEY `TestID` (`TestID`)
) ENGINE=MyISAM AUTO_INCREMENT=82 DEFAULT CHARSET=latin1;
/*!40101 SET character_set_client = @saved_cs_client */;

--
-- Dumping data for table `Sessions`
--

LOCK TABLES `Sessions` WRITE;
/*!40000 ALTER TABLE `Sessions` DISABLE KEYS */;
INSERT INTO `Sessions` VALUES (40,'121.242.40.15',NULL,3,1,1,0,36,25,25,91,36,'','Hemant Gawande','hemantga@cybage.com','','9389','1320421324','1320422224','KE_Linux Test','',1,'91,50,31,97,6,14,42,20,15,19,99,37,46,18,2,21,79,25,89,88,23,27,90,7,36,',0),(39,'121.242.40.15',NULL,3,1,1,0,99,25,25,2,99,'','Kunal Ghadge','kunalg@cybage.com','','6204','1320417191','1320418091','KE_Linux Test','',1,'2,29,24,11,32,47,84,79,10,19,7,3,92,38,35,83,80,98,39,23,93,16,6,102,99,',0),(51,'121.242.40.15',NULL,3,1,1,0,18,25,25,16,18,'Dhabarde','Aashish','aashishd@cybage.com','','7306','1320677814','1320678714','KE_Linux Test','',1,'16,80,98,92,90,1,42,31,88,95,48,40,46,6,22,94,35,13,45,87,14,9,50,10,18,',0),(56,'121.242.40.15',NULL,3,1,1,0,22,25,25,89,22,'Maske','Shrikant','smaske@cybage.com','','5940','1320742948','1320743848','KE_Linux Test','',1,'89,86,25,81,50,12,82,84,40,23,45,6,11,48,93,92,7,2,16,4,37,26,20,80,22,',0),(58,'121.242.40.15',NULL,5,1,1,0,60,20,20,75,60,'Paranjape','Harshad','harshadpa@cybage.com','','8676','1320913488','1320914688','KE_Windows Test','',1,'75,71,69,177,166,178,160,187,156,76,181,173,172,67,65,70,167,57,73,60,',0),(79,'121.242.40.15',NULL,5,0,1,0,182,20,20,68,182,'','Rajesh Dubey','rajeshdu@cybage.com','','6228','1321895514','1321896714','KE_Windows Test','',1,'68,190,62,61,161,162,160,72,56,167,165,183,63,69,73,157,164,156,65,182,',0),(77,'121.242.40.15',NULL,5,1,1,0,158,20,20,155,158,'Shindode','Sudarshan','sudarshans@cybage.com','','4917','1321466008','1321467208','KE_Windows Test','',1,'155,75,180,167,182,55,57,58,60,168,70,64,185,169,163,177,73,154,181,158,',0),(66,'121.242.40.70',NULL,5,1,1,0,158,20,20,54,158,'','Anand Deshpande','ananddes@cybage.com','','9373','1321273301','1321274500','KE_Windows Test','',1,'54,188,154,67,170,169,171,166,65,63,168,155,179,184,187,164,192,182,181,158,',0),(69,'121.242.40.15',NULL,5,1,1,0,163,20,20,166,163,'','Sushant Nikalje','sushantn@cybage.com','','9345','1321282325','1321283525','KE_Windows Test','',1,'166,174,65,165,192,187,58,57,171,59,154,164,69,188,66,51,54,168,70,163,',0);
/*!40000 ALTER TABLE `Sessions` ENABLE KEYS */;
UNLOCK TABLES;

--
-- Table structure for table `Subjects`
--

DROP TABLE IF EXISTS `Subjects`;
/*!40101 SET @saved_cs_client     = @@character_set_client */;
/*!40101 SET character_set_client = utf8 */;
CREATE TABLE `Subjects` (
  `ID` int(11) NOT NULL AUTO_INCREMENT,
  `Name` varchar(255) NOT NULL DEFAULT '',
  `Description` text NOT NULL,
  `Correct` int(11) NOT NULL,
  `Incorrect` int(11) NOT NULL,
  PRIMARY KEY (`ID`)
) ENGINE=MyISAM AUTO_INCREMENT=6 DEFAULT CHARSET=latin1;
/*!40101 SET character_set_client = @saved_cs_client */;

--
-- Dumping data for table `Subjects`
--

LOCK TABLES `Subjects` WRITE;
/*!40000 ALTER TABLE `Subjects` DISABLE KEYS */;
INSERT INTO `Subjects` VALUES (2,'Linux','Linux',158,209),(3,'Windows','Windows',149,57),(4,'Database','Database',0,0),(5,'NULL','Use to deactivate the Users.\r\n\r\nPlease add all users to NULL subjects. and to activate the User for test move them to proper subject.\r\n\r\nJuned ',0,1);
/*!40000 ALTER TABLE `Subjects` ENABLE KEYS */;
UNLOCK TABLES;

--
-- Table structure for table `Tests`
--

DROP TABLE IF EXISTS `Tests`;
/*!40101 SET @saved_cs_client     = @@character_set_client */;
/*!40101 SET character_set_client = utf8 */;
CREATE TABLE `Tests` (
  `ID` int(11) NOT NULL AUTO_INCREMENT,
  `TestName` varchar(255) NOT NULL DEFAULT 'No Name',
  `Subject` int(255) NOT NULL DEFAULT '1',
  `Enabled` tinyint(1) NOT NULL DEFAULT '0',
  `RequireLogin` tinyint(1) NOT NULL DEFAULT '0',
  `PassingScore` int(11) NOT NULL DEFAULT '60',
  `TestPicture` varchar(255) DEFAULT NULL,
  `Random` tinyint(1) NOT NULL DEFAULT '0',
  `Creator` varchar(255) NOT NULL DEFAULT '',
  `Directions` text,
  `LimitTime` tinyint(1) NOT NULL DEFAULT '0',
  `TimeLimitH` char(2) NOT NULL DEFAULT '00',
  `TimeLimitM` char(2) NOT NULL DEFAULT '00',
  `EmailInstructor` int(11) NOT NULL DEFAULT '0',
  `EmailUsers` int(11) NOT NULL DEFAULT '0',
  `EmailTemplate` int(11) NOT NULL DEFAULT '1',
  `ReportTemplate` int(11) NOT NULL DEFAULT '1',
  `AutoSession` tinyint(1) NOT NULL DEFAULT '0',
  `QuestionLimit` int(11) NOT NULL DEFAULT '0',
  `MaxAttempts` int(11) NOT NULL DEFAULT '0',
  `AllowQuit` tinyint(1) NOT NULL DEFAULT '0',
  `Browseable` tinyint(1) NOT NULL DEFAULT '1',
  `AltEmail` tinyint(1) NOT NULL DEFAULT '0',
  PRIMARY KEY (`ID`)
) ENGINE=MyISAM AUTO_INCREMENT=9 DEFAULT CHARSET=latin1;
/*!40101 SET character_set_client = @saved_cs_client */;

--
-- Dumping data for table `Tests`
--

LOCK TABLES `Tests` WRITE;
/*!40000 ALTER TABLE `Tests` DISABLE KEYS */;
INSERT INTO `Tests` VALUES (7,'KE_Database_TEST',4,0,1,60,NULL,1,'admin','KE_Database_TEST',1,'00','01',1,1,1,1,1,0,0,0,1,0),(3,'KE_Linux Test',2,1,1,1,NULL,1,'admin','<p align=\"left\" style=\"font-size: 11px; font-weight: bold;\">\r\n<ul>\r\n<li>1.      Go to the KE-Pre assessment web portal home page http://50.19.125.118/exam </li>\r\n<li>2.	Select your test (e.g.  Linux /windows ) </li>  \r\n<li>3.	Read the instruction & proceed to the Login. ( Login Details will be provided separately by KE team ) </li>\r\n<li>4.	Provide the Credentials and Valid Employee ID and start the test. </li>\r\n<li>5.	There are 25 questions for the test, with the time limit of 15 minutes.  Once the test is started you cannot stop it.  If you are not able to finish the test within the time limit you are disqualified </li>\r\n<li>6.	Upon finishing all questions, you will be getting to Review all your attempted questions, if you wish to change the answer; select the question & select Review Selected question.  </li>\r\n<li>7.	It is Important for you select Grade option, or else your test is considered incomplete.  </li>\r\n<li>8.	After the test is complete you will receive the Result on your Cybage Email ID. </li>\r\n<li>9.	You can take the test only one time, post your manager aligns the test to you. </li>\r\n\r\n</ul>\r\n\r\n\r\n<I>Thanks \r\nKE-ADMIN</I>\r\n\r\n</p>\r\n',1,'00','15',1,1,1,1,1,25,0,0,1,0),(5,'KE_Windows Test',3,1,1,60,NULL,1,'admin','<p align=\"left\" style=\"font-size: 11px; font-weight: bold;\">\r\n<ul>\r\n<li>1.      Go to the KE-Pre assessment web portal home page http://50.19.125.118/exam </li>\r\n<li>2.	Select your test (e.g.  Linux /windows ) </li>  \r\n<li>3.	Read the instruction & proceed to the Login. ( Login Details will be provided separately by KE team ) </li>\r\n<li>4.	Provide the Credentials and Valid Employee ID and start the test. </li>\r\n<li>5.	There are 25 questions for the test, with the time limit of 15 minutes.  Once the test is started you cannot stop it.  If you are not able to finish the test within the time limit you are disqualified </li>\r\n<li>6.	Upon finishing all questions, you will be getting to Review all your attempted questions, if you wish to change the answer; select the question & select Review Selected question.  </li>\r\n<li>7.	It is Important for you select Grade option, or else your test is considered incomplete.  </li>\r\n<li>8.	After the test is complete you will receive the Result on your Cybage Email ID. </li>\r\n<li>9.	You can take the test only one time, post your manager aligns the test to you. </li>\r\n\r\n</ul>\r\n\r\n\r\n<I>Thanks \r\nKE-ADMIN</I>\r\n\r\n</p>\r\n',1,'00','20',1,1,1,1,1,20,0,0,1,0);
/*!40000 ALTER TABLE `Tests` ENABLE KEYS */;
UNLOCK TABLES;

--
-- Table structure for table `Users`
--

DROP TABLE IF EXISTS `Users`;
/*!40101 SET @saved_cs_client     = @@character_set_client */;
/*!40101 SET character_set_client = utf8 */;
CREATE TABLE `Users` (
  `ID` int(11) NOT NULL AUTO_INCREMENT,
  `Username` varchar(255) DEFAULT NULL,
  `Password` varchar(255) DEFAULT NULL,
  `Location` varchar(255) DEFAULT NULL,
  `FirstName` varchar(255) NOT NULL DEFAULT '',
  `LastName` varchar(255) NOT NULL DEFAULT '',
  `Email` varchar(255) NOT NULL DEFAULT '',
  `Admin` tinyint(1) NOT NULL DEFAULT '0',
  `Instructor` tinyint(1) NOT NULL DEFAULT '0',
  `Limited` tinyint(1) NOT NULL DEFAULT '0',
  `LimitedSubjects` varchar(255) NOT NULL DEFAULT '',
  `Attempts` varchar(255) NOT NULL DEFAULT '',
  PRIMARY KEY (`ID`)
) ENGINE=MyISAM AUTO_INCREMENT=91 DEFAULT CHARSET=latin1;
/*!40101 SET character_set_client = @saved_cs_client */;

--
-- Dumping data for table `Users`
--

LOCK TABLES `Users` WRITE;
/*!40000 ALTER TABLE `Users` DISABLE KEYS */;
INSERT INTO `Users` VALUES (1,'admin','b71aa7c718cb05d99927b56a65195275','Default Admin','Admin','User','junedm@cybage.com',1,1,0,'',''),(17,'anair','717729ce391c20ef3e722c3e6ef79a58','Dimestore','Abhishek ','Nair','anair@cybage.com',0,0,1,'2,3',''),(18,'khushala','b02f0c434ba1da7396aca257d0eb1e2f','Dachis','khushal','Ahirwar','khushala@cybage.com',0,0,1,'2',''),(15,'junedm','ed46558a56a4a26b96a68738a0d28273','Dachis','Juned','Memon','junedm@cybage.com',0,0,1,'2','3,'),(16,'ravig','7d571e5c15bad5ef8c4352ce7a1d9e78','Operative','Ravi ','Ganatra','RGanatra@cybage.com',0,0,1,'2','3,'),(19,'tmahajan','99296ad1eb8cd89661d163ddea3f16f1','Support','Tarun','Mahajan','tmahajan@cybage.com',0,0,1,'2',''),(43,'harshalj','353be95ec219fdbee045e71e97fedac5','Epsilon DREAM','Harshal Joshi','','harshalj@cybage.com',0,0,1,'2',''),(42,'rameshwark','d3deadf94ef3db3ca242e4c0b6c705f7','Epsilon DREAM','Rameshwar Karad','','rameshwark@cybage.com',0,0,1,'2',''),(45,'nitinbh','3d69e9ddfa854b1f14913e18807eff7d','Dachis Support','Nitin Bhawar','','nitinbh@cybage.com',0,0,1,'2',''),(41,'abhijitdu','2c8e433f3ee795274d52fad9b281bf7d','Epsilon DREAM','Abhijit Durgawale','','abhijitdu@cybage.com',0,0,1,'2',''),(40,'deepanands','c8ca3c4271eee9e0369dd9b16d28e155','Epsilon DREAMmail','Deepanand Suryawanshi','','deepanands@cybage.com',0,0,1,'2',''),(39,'beedritip','3902ecca1711c9a09b95c19b61ec6202','Epsilon DREAMmail','Beedriti Pandit','','beedritip@cybage.com',0,0,1,'2',''),(38,'anjayp','d383ec2c76631e98559d729eff7c30f6','Epsilon DREAMmail','Anjay Prasad','','anjayp@cybage.com',0,0,1,'2',''),(37,'tagoreb','e375db8de462f5fc46664b9efeddee4e','Epsilon DREAMmail','Tagore Bandlamudi','','tagoreb@cybage.com',0,0,1,'2',''),(36,'ulhassu','eb5dabe9555f50e0e89b187337732290','Advertise_NOC','Ulhas Surse','','ulhassu@cybage.com',0,0,1,'2',''),(35,'swapniltap','5f140d3c4fd3a512b219bca9a88fc816','Advertise_NOC','Swapnil Tapadia','','swapniltap@cybage.com',0,0,1,'2',''),(34,'mukeshs','3d69e9ddfa854b1f14913e18807eff7d','Advertise_NOC','Mukesh Sulkar','','mukeshs@cybage.com',0,0,1,'2',''),(44,'pravinde','9ecf922e812cf6f6adf9bb719b373cb4','Epsilon DREAM','Pravin Deshpande','','pravinde@cybage.com',0,0,1,'2',''),(46,'virajj','5f140d3c4fd3a512b219bca9a88fc816','Dachis Support','VirajVinayak Joshi','','virajj@cybage.com',0,0,1,'2',''),(47,'ganeshpo','eb5dabe9555f50e0e89b187337732290','Dachis Support','Ganesh Pore','','ganeshpo@cybage.com',0,0,1,'2',''),(48,'akhileshk','e375db8de462f5fc46664b9efeddee4e','Dachis Support','Akhilesh Kulhade','','akhileshk@cybage.com',0,0,1,'2',''),(49,'aniketsh','3902ecca1711c9a09b95c19b61ec6202','KN_Dimestore_Support','Aniket Shinde','','aniketsh@cybage.com',0,0,1,'2',''),(50,'harshaly','c8ca3c4271eee9e0369dd9b16d28e155','KN_Dimestore_Support','Harshal Yadwadkar','','harshaly@cybage.com',0,0,1,'2',''),(51,'ashokd','3d69e9ddfa854b1f14913e18807eff7d','Rubicon_Support','Ashok Dolare','','ashokd@cybage.com',0,0,1,'2',''),(52,'amarishs','5f140d3c4fd3a512b219bca9a88fc816','Rubicon_Support','Amarish Shimpankar','','amarishs@cybage.com',0,0,1,'2',''),(53,'ganeshs','eb5dabe9555f50e0e89b187337732290','Rubicon_Support','Ganesh Shelar','','ganeshs@cybage.com',0,0,1,'2,3',''),(54,'kunalg','e375db8de462f5fc46664b9efeddee4e','Rubicon_Support','Kunal Ghadge','','kunalg@cybage.com',0,0,1,'2',''),(55,'kundanp','d383ec2c76631e98559d729eff7c30f6','Rubicon_Support','Kundan Prasad','','kundanp@cybage.com',0,0,1,'2',''),(56,'jineshpt','3902ecca1711c9a09b95c19b61ec6202','Rubicon_Support','Jinesh PT','','jineshpt@cybage.com',0,0,1,'2',''),(57,'hemantga','c8ca3c4271eee9e0369dd9b16d28e155','Rubicon_Support','Hemant Gawande','','hemantga@cybage.com',0,0,1,'2',''),(58,'sudhirb','9404c50b32ec506348d0467847a38913','RP','Sudhir','Berad','sudhirb@cybage.com',0,0,1,'2',''),(59,'aashishd','0b041b0853472b81c5316409cfe89b35','Provenir','Aashish','Dhabarde','aashishd@cybage.com',0,0,1,'2',''),(60,'anantd','bf1ebadb10a88eb2eb22b4ec182e3d2a','Provenir','Anant','Devangare','anantd@cybage.com',0,0,1,'2',''),(61,'sibiv','0edef635054a5b326129c4253b9e6a25','Fidelity','Sibi','Varghese','sibiv@cybage.com',0,0,1,'2',''),(62,'prashanty','46e98400b1bd48462a8244bbc042cd75','Fidelity','Prashant','Yadav','prashanty@cybage.com',0,0,1,'2',''),(63,'sabindras','83503fdddcb3f9b2b6276cd4b8060efb','ADC','Sabindra','Singh','sabindras@cybage.com',0,0,1,'2',''),(64,'vijaypaw','3ac3d4724c4e7f876ea5c66a5f6546d7','Fireclick','Vijay','Pawar','vijaypaw@cybage.com',0,0,0,'2',''),(65,'smaske','c3739fa0a29656999d05ee82ccd701c9','Invitemedia','Shrikant','Maske','smaske@cybage.com',0,0,1,'2',''),(66,'srahate','c119226e5c35ad18b743d4183469dbc2','Invitemedia','Sunil','Rahate','srahate@cybage.com',0,0,1,'2',''),(67,'harshadpa','8a3570ca5c75ecd58ec2716390df2c1f','Newmarket','Harshad','Paranjape','harshadpa@cybage.com',0,0,1,'3',''),(68,'amitgup','c8ca3c4271eee9e0369dd9b16d28e155','RP','Amit Gupta','','amitgup@cybage.com',0,0,1,'2',''),(69,'tusharna','9404c50b32ec506348d0467847a38913','Newmarket','Tushar','Narang','tusharna@cybage.com',0,0,1,'3',''),(70,'parvezsha','8a3570ca5c75ecd58ec2716390df2c1f','Newmarket','Parvez','Shaikh','parvezsha@cybage.com',0,0,1,'3',''),(71,'vijaypa','8a3570ca5c75ecd58ec2716390df2c1f','Operative','Vijaykumar Pal','','vijaypa@cybage.com',0,0,1,'3',''),(72,'vinayp','5185abb571205b5873eb8bc997476b94','Newmarket','Vinay','Padwalkar','vinayp@cybage.com',0,0,1,'3',''),(73,'aasifs','3d69e9ddfa854b1f14913e18807eff7d','PointBridge','Aasif Shaikh','','aasifs@cybage.com',0,0,1,'3',''),(74,'ananddes','5f140d3c4fd3a512b219bca9a88fc816','PointBridge','Anand Deshpande','','ananddes@cybage.com',0,0,1,'3',''),(75,'hemendrab','eb5dabe9555f50e0e89b187337732290','PointBridge','Hemendra Bendke','','hemendrab@cybage.com',0,0,1,'3',''),(76,'manojka','e375db8de462f5fc46664b9efeddee4e','PointBridge','Manoj Kawade','','manojka@cybage.com',0,0,1,'3',''),(77,'milindb','d383ec2c76631e98559d729eff7c30f6','PointBridge','Milind Bhat','','milindb@cybage.com',0,0,1,'3',''),(78,'rajeshdu','3902ecca1711c9a09b95c19b61ec6202','PointBridge','Rajesh Dubey','','rajeshdu@cybage.com',0,0,1,'3',''),(79,'ssangare','c8ca3c4271eee9e0369dd9b16d28e155','PointBridge','Sachin Sangare','','ssangare@cybage.com',0,0,1,'3',''),(80,'sudhirde','5f140d3c4fd3a512b219bca9a88fc816','PointBridge','Sudhir Devange','','sudhirde@cybage.com',0,0,1,'3',''),(81,'sushantn','eb5dabe9555f50e0e89b187337732290','PointBridge','Sushant Nikalje','','sushantn@cybage.com',0,0,1,'3',''),(82,'tanmayp','e375db8de462f5fc46664b9efeddee4e','PointBridge','Tanmay Palnitkar','','tanmayp@cybage.com',0,0,1,'3',''),(83,'tanmayat','d383ec2c76631e98559d729eff7c30f6','PointBridge','Tanmaya Thopate','','tanmayat@cybage.com',0,0,1,'3',''),(84,'zohebs','3902ecca1711c9a09b95c19b61ec6202','PointBridge','Zoheb Shaikh','','zohebs@cybage.com',0,0,1,'3',''),(85,'bhagyeshv','eb5dabe9555f50e0e89b187337732290','athenahealth NOC Support','Bhagyesh Vanasre','','bhagyeshv@cybage.com',0,0,1,'2',''),(86,'charudattajo','e375db8de462f5fc46664b9efeddee4e','athenahealth NOC Support','Charudatta Joshi','','charudattajo@cybage.com',0,0,1,'2',''),(87,'atula','d383ec2c76631e98559d729eff7c30f6','athenahealth NOC Support','Atul Ahirrao','','atula@cybage.com',0,0,0,'2',''),(88,'rakeshki','9404c50b32ec506348d0467847a38913','Newmarket','Rakesh','Kishnani','rakeshki@cybage.com',0,0,1,'3',''),(89,'sudarshans','ff794f549bd638773d04dc1bf3c26bd2','Newmarket','Sudarshan','Shindode','sudarshans@cybage.com',0,0,1,'3',''),(90,'rahulkulkarni','9404c50b32ec506348d0467847a38913','Google DRC','Rahul','Kulkarni','rahulkulkarni@cybage.com',0,0,1,'3','');
/*!40000 ALTER TABLE `Users` ENABLE KEYS */;
UNLOCK TABLES;
/*!40103 SET TIME_ZONE=@OLD_TIME_ZONE */;

/*!40101 SET SQL_MODE=@OLD_SQL_MODE */;
/*!40014 SET FOREIGN_KEY_CHECKS=@OLD_FOREIGN_KEY_CHECKS */;
/*!40014 SET UNIQUE_CHECKS=@OLD_UNIQUE_CHECKS */;
/*!40101 SET CHARACTER_SET_CLIENT=@OLD_CHARACTER_SET_CLIENT */;
/*!40101 SET CHARACTER_SET_RESULTS=@OLD_CHARACTER_SET_RESULTS */;
/*!40101 SET COLLATION_CONNECTION=@OLD_COLLATION_CONNECTION */;
/*!40111 SET SQL_NOTES=@OLD_SQL_NOTES */;

-- Dump completed on 2012-04-11 13:01:37
